"","dist_F7413","dist_F7537","dist_F9689","RID","min_dist","min_FID","min_inv_dist","Block_y","Tract","BID"
"1",Inf,Inf,Inf,8869,Inf,"7413",0,1001,514,"1001514"
"2",Inf,Inf,Inf,8656,Inf,"7413",0,1001,514,"1001514"
"3",Inf,Inf,Inf,9522,Inf,"7413",0,1001,514,"1001514"
"4",Inf,Inf,Inf,10287,Inf,"7413",0,1001,514,"1001514"
"5",Inf,Inf,Inf,8449,Inf,"7413",0,1001,514,"1001514"
"6",Inf,Inf,Inf,9793,Inf,"7413",0,1001,514,"1001514"
"7",Inf,Inf,Inf,7437,Inf,"7413",0,1001,514,"1001514"
"8",Inf,Inf,Inf,9286,Inf,"7413",0,1001,514,"1001514"
"9",Inf,Inf,Inf,8720,Inf,"7413",0,1001,514,"1001514"
"10",Inf,Inf,Inf,8569,Inf,"7413",0,1001,514,"1001514"
"11",Inf,Inf,Inf,7906,Inf,"7413",0,1001,514,"1001514"
"12",Inf,Inf,Inf,7875,Inf,"7413",0,1001,514,"1001514"
"13",Inf,Inf,Inf,10136,Inf,"7413",0,1001,514,"1001514"
"14",Inf,Inf,Inf,10363,Inf,"7413",0,1001,514,"1001514"
"15",Inf,Inf,Inf,8736,Inf,"7413",0,1001,514,"1001514"
"16",Inf,Inf,Inf,9092,Inf,"7413",0,1001,514,"1001514"
"17",Inf,Inf,Inf,9023,Inf,"7413",0,1001,514,"1001514"
"18",Inf,Inf,Inf,7738,Inf,"7413",0,1001,514,"1001514"
"19",Inf,Inf,Inf,9525,Inf,"7413",0,1001,514,"1001514"
"20",Inf,Inf,Inf,8876,Inf,"7413",0,1001,514,"1001514"
"21",Inf,Inf,Inf,10084,Inf,"7413",0,1001,514,"1001514"
"22",Inf,Inf,Inf,9299,Inf,"7413",0,1001,514,"1001514"
"23",Inf,Inf,Inf,10291,Inf,"7413",0,1001,514,"1001514"
"24",Inf,Inf,Inf,8587,Inf,"7413",0,1001,514,"1001514"
"25",Inf,Inf,Inf,10769,Inf,"7413",0,1001,514,"1001514"
"26",Inf,Inf,Inf,10770,Inf,"7413",0,1001,514,"1001514"
"27",Inf,Inf,Inf,8501,Inf,"7413",0,1001,514,"1001514"
"28",Inf,Inf,Inf,10637,Inf,"7413",0,1001,514,"1001514"
"29",Inf,Inf,Inf,8249,Inf,"7413",0,1001,514,"1001514"
"30",Inf,Inf,Inf,10698,Inf,"7413",0,1001,514,"1001514"
"31",Inf,Inf,Inf,8096,Inf,"7413",0,1001,514,"1001514"
"32",Inf,Inf,Inf,7368,Inf,"7413",0,1001,514,"1001514"
"33",Inf,Inf,Inf,7200,Inf,"7413",0,1001,514,"1001514"
"34",Inf,Inf,Inf,8098,Inf,"7413",0,1001,514,"1001514"
"35",Inf,Inf,Inf,10504,Inf,"7413",0,1001,514,"1001514"
"36",Inf,Inf,Inf,7116,Inf,"7413",0,1001,514,"1001514"
"37",Inf,Inf,Inf,8443,Inf,"7413",0,1001,514,"1001514"
"38",Inf,Inf,Inf,7877,Inf,"7413",0,1001,514,"1001514"
"39",Inf,Inf,Inf,8459,Inf,"7413",0,1001,514,"1001514"
"40",Inf,Inf,Inf,10277,Inf,"7413",0,1001,514,"1001514"
"41",Inf,Inf,Inf,8721,Inf,"7413",0,1001,514,"1001514"
"42",Inf,Inf,Inf,9282,Inf,"7413",0,1001,514,"1001514"
"43",Inf,Inf,Inf,7944,Inf,"7413",0,1002,514,"1002514"
"44",Inf,Inf,Inf,8874,Inf,"7413",0,1002,514,"1002514"
"45",Inf,Inf,Inf,7822,Inf,"7413",0,1002,514,"1002514"
"46",Inf,Inf,Inf,10699,Inf,"7413",0,1002,514,"1002514"
"47",Inf,Inf,Inf,10006,Inf,"7413",0,1002,514,"1002514"
"48",Inf,Inf,Inf,10290,Inf,"7413",0,1002,514,"1002514"
"49",Inf,Inf,Inf,9297,Inf,"7413",0,1002,514,"1002514"
"50",Inf,Inf,Inf,8371,Inf,"7413",0,1003,514,"1003514"
"51",Inf,Inf,Inf,9999,Inf,"7413",0,1003,514,"1003514"
"52",Inf,Inf,Inf,7436,Inf,"7413",0,1003,514,"1003514"
"53",Inf,Inf,Inf,10280,Inf,"7413",0,1003,514,"1003514"
"54",Inf,Inf,Inf,10761,Inf,"7413",0,1003,514,"1003514"
"55",Inf,Inf,Inf,8086,Inf,"7413",0,1005,514,"1005514"
"56",Inf,Inf,Inf,7726,Inf,"7413",0,1005,514,"1005514"
"57",Inf,Inf,Inf,10759,Inf,"7413",0,1005,514,"1005514"
"58",Inf,Inf,Inf,10214,Inf,"7413",0,1005,514,"1005514"
"59",Inf,Inf,Inf,7590,Inf,"7413",0,1005,514,"1005514"
"60",Inf,Inf,Inf,10694,Inf,"7413",0,1005,514,"1005514"
"61",Inf,Inf,Inf,8581,Inf,"7413",0,1005,514,"1005514"
"62",Inf,Inf,Inf,9523,Inf,"7413",0,1006,514,"1006514"
"63",Inf,Inf,Inf,9294,Inf,"7413",0,1006,514,"1006514"
"64",Inf,Inf,Inf,8585,Inf,"7413",0,1006,514,"1006514"
"65",Inf,Inf,Inf,8238,Inf,"7413",0,1006,514,"1006514"
"66",Inf,Inf,Inf,7881,Inf,"7413",0,1006,514,"1006514"
"67",Inf,Inf,Inf,7285,Inf,"7413",0,1006,514,"1006514"
"68",Inf,Inf,Inf,7120,Inf,"7413",0,1006,514,"1006514"
"69",Inf,Inf,Inf,9376,Inf,"7413",0,1006,514,"1006514"
"70",Inf,Inf,Inf,8457,Inf,"7413",0,1008,514,"1008514"
"71",Inf,Inf,Inf,7514,Inf,"7413",0,1006,514,"1006514"
"72",Inf,Inf,Inf,8805,Inf,"7413",0,1008,514,"1008514"
"73",Inf,Inf,Inf,10358,Inf,"7413",0,1008,514,"1008514"
"74",Inf,Inf,Inf,9582,Inf,"7413",0,1010,514,"1010514"
"75",Inf,Inf,Inf,8943,Inf,"7413",0,1010,514,"1010514"
"76",Inf,Inf,Inf,8793,Inf,"7413",0,1010,514,"1010514"
"77",Inf,Inf,Inf,7187,Inf,"7413",0,1010,514,"1010514"
"78",Inf,Inf,Inf,9119,Inf,"7413",0,1010,514,"1010514"
"79",Inf,Inf,Inf,10494,Inf,"7413",0,1010,514,"1010514"
"80",Inf,Inf,Inf,9074,Inf,"7413",0,1011,514,"1011514"
"81",Inf,Inf,Inf,8647,Inf,"7413",0,1011,514,"1011514"
"82",Inf,Inf,Inf,8368,Inf,"7413",0,1011,514,"1011514"
"83",Inf,Inf,Inf,9705,Inf,"7413",0,1011,514,"1011514"
"84",Inf,Inf,Inf,9517,Inf,"7413",0,1011,514,"1011514"
"85",Inf,Inf,Inf,7432,Inf,"7413",0,1011,514,"1011514"
"86",Inf,Inf,Inf,9283,Inf,"7413",0,1011,514,"1011514"
"87",Inf,Inf,Inf,9783,Inf,"7413",0,1011,514,"1011514"
"88",Inf,Inf,Inf,9011,Inf,"7413",0,1011,514,"1011514"
"89",Inf,Inf,Inf,8578,Inf,"7413",0,1011,514,"1011514"
"90",Inf,Inf,Inf,10822,Inf,"7413",0,1011,514,"1011514"
"91",Inf,Inf,Inf,8863,Inf,"7413",0,1011,514,"1011514"
"92",Inf,Inf,Inf,9012,Inf,"7413",0,1011,514,"1011514"
"93",Inf,Inf,Inf,7117,Inf,"7413",0,1012,514,"1012514"
"94",Inf,Inf,Inf,7434,Inf,"7413",0,1012,514,"1012514"
"95",Inf,Inf,Inf,8231,Inf,"7413",0,1012,514,"1012514"
"96",Inf,Inf,Inf,8016,Inf,"7413",0,1012,514,"1012514"
"97",Inf,Inf,Inf,8063,Inf,"7413",0,1012,514,"1012514"
"98",Inf,Inf,Inf,8648,Inf,"7413",0,1012,514,"1012514"
"99",Inf,Inf,Inf,9924,Inf,"7413",0,1012,514,"1012514"
"100",Inf,Inf,Inf,8580,Inf,"7413",0,1012,514,"1012514"
"101",Inf,Inf,Inf,8064,Inf,"7413",0,1012,514,"1012514"
"102",Inf,Inf,Inf,7926,Inf,"7413",0,1012,514,"1012514"
"103",Inf,Inf,Inf,10139,Inf,"7413",0,1013,514,"1013514"
"104",Inf,Inf,Inf,8469,Inf,"7413",0,1012,514,"1012514"
"105",Inf,Inf,Inf,8234,Inf,"7413",0,1014,514,"1014514"
"106",Inf,Inf,Inf,9224,Inf,"7413",0,1014,514,"1014514"
"107",Inf,Inf,Inf,9785,Inf,"7413",0,1014,514,"1014514"
"108",Inf,Inf,Inf,9784,Inf,"7413",0,1014,514,"1014514"
"109",Inf,Inf,Inf,7435,Inf,"7413",0,1014,514,"1014514"
"110",Inf,Inf,Inf,7359,Inf,"7413",0,1016,514,"1016514"
"111",Inf,Inf,Inf,9079,Inf,"7413",0,1016,514,"1016514"
"112",Inf,Inf,Inf,9356,Inf,"7413",0,1016,514,"1016514"
"113",Inf,Inf,Inf,9658,Inf,"7413",0,1016,514,"1016514"
"114",Inf,Inf,Inf,10213,Inf,"7413",0,1016,514,"1016514"
"115",Inf,Inf,Inf,9080,Inf,"7413",0,1016,514,"1016514"
"116",Inf,Inf,Inf,7127,Inf,"7413",0,1017,514,"1017514"
"117",Inf,Inf,Inf,9810,Inf,"7413",0,1017,514,"1017514"
"118",Inf,Inf,Inf,8658,Inf,"7413",0,1017,514,"1017514"
"119",Inf,Inf,Inf,8384,Inf,"7413",0,1017,514,"1017514"
"120",Inf,Inf,Inf,9936,Inf,"7413",0,1017,514,"1017514"
"121",Inf,Inf,Inf,7730,Inf,"7413",0,1018,514,"1018514"
"122",Inf,Inf,Inf,9157,Inf,"7413",0,1018,514,"1018514"
"123",Inf,Inf,Inf,10212,Inf,"7413",0,1019,514,"1019514"
"124",Inf,Inf,Inf,8948,Inf,"7413",0,1019,514,"1019514"
"125",Inf,Inf,Inf,9077,Inf,"7413",0,1019,514,"1019514"
"126",Inf,Inf,Inf,9078,Inf,"7413",0,1019,514,"1019514"
"127",Inf,Inf,Inf,8577,Inf,"7413",0,1020,514,"1020514"
"128",Inf,Inf,Inf,9921,Inf,"7413",0,1020,514,"1020514"
"129",Inf,Inf,Inf,9781,Inf,"7413",0,1020,514,"1020514"
"130",Inf,Inf,Inf,7357,Inf,"7413",0,1020,514,"1020514"
"131",Inf,Inf,Inf,7281,Inf,"7413",0,1020,514,"1020514"
"132",Inf,Inf,Inf,10897,Inf,"7413",0,1021,514,"1021514"
"133",Inf,Inf,Inf,10279,Inf,"7413",0,1023,514,"1023514"
"134",Inf,Inf,Inf,10826,Inf,"7413",0,1023,514,"1023514"
"135",Inf,Inf,Inf,9518,Inf,"7413",0,1023,514,"1023514"
"136",Inf,Inf,Inf,8079,Inf,"7413",0,1023,514,"1023514"
"137",Inf,Inf,Inf,10071,Inf,"7413",0,1023,514,"1023514"
"138",Inf,Inf,Inf,8065,Inf,"7413",0,1024,514,"1024514"
"139",Inf,Inf,Inf,8369,Inf,"7413",0,1024,514,"1024514"
"140",Inf,Inf,Inf,8864,Inf,"7413",0,1024,514,"1024514"
"141",Inf,Inf,Inf,9925,Inf,"7413",0,1024,514,"1024514"
"142",Inf,Inf,Inf,9285,Inf,"7413",0,1024,514,"1024514"
"143",Inf,Inf,Inf,9076,Inf,"7413",0,1024,514,"1024514"
"144",Inf,Inf,Inf,8947,Inf,"7413",0,1024,514,"1024514"
"145",Inf,Inf,Inf,9656,Inf,"7413",0,1024,514,"1024514"
"146",Inf,Inf,Inf,9013,Inf,"7413",0,1024,514,"1024514"
"147",Inf,Inf,Inf,10827,Inf,"7413",0,1023,514,"1023514"
"148",Inf,Inf,Inf,10569,Inf,"7413",0,1025,514,"1025514"
"149",Inf,Inf,Inf,9923,Inf,"7413",0,1025,514,"1025514"
"150",Inf,Inf,Inf,7433,Inf,"7413",0,1025,514,"1025514"
"151",Inf,Inf,Inf,8944,Inf,"7413",0,1025,514,"1025514"
"152",Inf,Inf,Inf,10209,Inf,"7413",0,1025,514,"1025514"
"153",Inf,Inf,Inf,9516,Inf,"7413",0,1025,514,"1025514"
"154",Inf,Inf,Inf,9284,Inf,"7413",0,1025,514,"1025514"
"155",Inf,Inf,Inf,7644,Inf,"7413",0,1026,514,"1026514"
"156",Inf,Inf,Inf,9228,Inf,"7413",0,1026,514,"1026514"
"157",Inf,Inf,Inf,8732,Inf,"7413",0,1026,514,"1026514"
"158",Inf,Inf,Inf,7821,Inf,"7413",0,1026,514,"1026514"
"159",Inf,Inf,Inf,9933,Inf,"7413",0,1026,514,"1026514"
"160",114,69,183,7883,69,"7537",0.0144927536231884,2000,514,"2000514"
"161",117,72,186,8157,72,"7537",0.0138888888888889,2000,514,"2000514"
"162",118,73,187,7443,73,"7537",0.0136986301369863,2000,514,"2000514"
"163",120,75,189,9161,75,"7537",0.0133333333333333,2000,514,"2000514"
"164",119,74,188,8586,74,"7537",0.0135135135135135,2000,514,"2000514"
"165",121,76,190,9931,76,"7537",0.0131578947368421,2000,514,"2000514"
"166",117,72,186,7882,72,"7537",0.0138888888888889,2000,514,"2000514"
"167",125,80,194,9798,80,"7537",0.0125,2000,514,"2000514"
"168",128,83,197,8729,83,"7537",0.0120481927710843,2000,514,"2000514"
"169",133,88,202,7943,88,"7537",0.0113636363636364,2000,514,"2000514"
"170",148,103,217,7195,103,"7537",0.00970873786407767,2000,514,"2000514"
"171",150,105,219,9158,105,"7537",0.00952380952380952,2000,514,"2000514"
"172",152,107,221,7364,107,"7537",0.00934579439252336,2000,514,"2000514"
"173",153,108,222,7880,108,"7537",0.00925925925925926,2000,514,"2000514"
"174",157,112,226,7362,112,"7537",0.00892857142857143,2000,514,"2000514"
"175",159,114,228,7361,114,"7537",0.0087719298245614,2000,514,"2000514"
"176",163,118,232,8582,118,"7537",0.00847457627118644,2000,514,"2000514"
"177",165,120,234,8950,120,"7537",0.00833333333333333,2000,514,"2000514"
"178",164,119,233,9287,119,"7537",0.00840336134453781,2000,514,"2000514"
"179",166,121,235,9928,121,"7537",0.00826446280991736,2000,514,"2000514"
"180",169,124,238,8723,124,"7537",0.00806451612903226,2000,514,"2000514"
"181",170,125,239,9660,125,"7537",0.008,2000,514,"2000514"
"182",170,125,239,9659,125,"7537",0.008,2000,514,"2000514"
"183",169,124,238,9519,124,"7537",0.00806451612903226,2000,514,"2000514"
"184",167,122,236,10072,122,"7537",0.00819672131147541,2000,514,"2000514"
"185",162,117,231,9520,117,"7537",0.00854700854700855,2000,514,"2000514"
"186",157,112,226,9359,112,"7537",0.00892857142857143,2000,514,"2000514"
"187",152,107,221,10215,107,"7537",0.00934579439252336,2000,514,"2000514"
"188",153,108,222,10634,108,"7537",0.00925925925925926,2000,514,"2000514"
"189",148,103,217,8951,103,"7537",0.00970873786407767,2000,514,"2000514"
"190",150,105,219,9150,105,"7537",0.00952380952380952,2000,514,"2000514"
"191",145,100,214,10497,100,"7537",0.01,2000,514,"2000514"
"192",146,101,215,9015,101,"7537",0.0099009900990099,2000,514,"2000514"
"193",141,96,210,8087,96,"7537",0.0104166666666667,2000,514,"2000514"
"194",139,94,208,7939,94,"7537",0.0106382978723404,2000,514,"2000514"
"195",135,90,204,10076,90,"7537",0.0111111111111111,2000,514,"2000514"
"196",122,77,191,9592,77,"7537",0.012987012987013,2001,514,"2001514"
"197",124,79,193,7119,79,"7537",0.0126582278481013,2001,514,"2001514"
"198",124,79,193,8802,79,"7537",0.0126582278481013,2001,514,"2001514"
"199",125,80,194,9373,80,"7537",0.0125,2001,514,"2001514"
"200",129,84,198,10898,84,"7537",0.0119047619047619,2001,514,"2001514"
"201",131,86,200,9796,86,"7537",0.0116279069767442,2001,514,"2001514"
"202",132,87,201,10219,87,"7537",0.0114942528735632,2001,514,"2001514"
"203",134,89,203,8803,89,"7537",0.0112359550561798,2001,514,"2001514"
"204",138,93,207,9291,93,"7537",0.010752688172043,2001,514,"2001514"
"205",136,91,205,10078,91,"7537",0.010989010989011,2001,514,"2001514"
"206",140,95,209,8952,95,"7537",0.0105263157894737,2001,514,"2001514"
"207",138,93,207,8868,93,"7537",0.010752688172043,2001,514,"2001514"
"208",137,92,206,9795,92,"7537",0.0108695652173913,2001,514,"2001514"
"209",144,99,213,8243,99,"7537",0.0101010101010101,2001,514,"2001514"
"210",135,90,204,10001,90,"7537",0.0111111111111111,2001,514,"2001514"
"211",133,88,202,10002,88,"7537",0.0113636363636364,2001,514,"2001514"
"212",132,87,201,9083,87,"7537",0.0114942528735632,2001,514,"2001514"
"213",130,85,199,8375,85,"7537",0.0117647058823529,2001,514,"2001514"
"214",129,84,198,7284,84,"7537",0.0119047619047619,2001,514,"2001514"
"215",135,90,204,9372,90,"7537",0.0111111111111111,2001,514,"2001514"
"216",140,95,209,7940,95,"7537",0.0105263157894737,2001,514,"2001514"
"217",150,105,219,8483,105,"7537",0.00952380952380952,2001,514,"2001514"
"218",153,108,222,9365,108,"7537",0.00925925925925926,2001,514,"2001514"
"219",151,106,220,9364,106,"7537",0.00943396226415094,2001,514,"2001514"
"220",148,103,217,8372,103,"7537",0.00970873786407767,2001,514,"2001514"
"221",150,105,219,8482,105,"7537",0.00952380952380952,2001,514,"2001514"
"222",142,97,211,7191,97,"7537",0.0103092783505155,2001,514,"2001514"
"223",144,99,213,7192,99,"7537",0.0101010101010101,2001,514,"2001514"
"224",145,100,214,9155,100,"7537",0.01,2001,514,"2001514"
"225",147,102,216,7190,102,"7537",0.00980392156862745,2001,514,"2001514"
"226",147,102,216,8583,102,"7537",0.00980392156862745,2001,514,"2001514"
"227",144,99,213,10216,99,"7537",0.0101010101010101,2001,514,"2001514"
"228",142,97,211,9790,97,"7537",0.0103092783505155,2001,514,"2001514"
"229",136,91,205,10283,91,"7537",0.010989010989011,2001,514,"2001514"
"230",133,88,202,9081,88,"7537",0.0113636363636364,2001,514,"2001514"
"231",131,86,200,10426,86,"7537",0.0116279069767442,2001,514,"2001514"
"232",144,99,213,10351,99,"7537",0.0101010101010101,2003,514,"2003514"
"233",144,99,213,8653,99,"7537",0.0101010101010101,2003,514,"2003514"
"234",149,104,218,10425,104,"7537",0.00961538461538462,2003,514,"2003514"
"235",142,97,211,8726,97,"7537",0.0103092783505155,2003,514,"2003514"
"236",151,106,220,10424,106,"7537",0.00943396226415094,2003,514,"2003514"
"237",154,109,223,9289,109,"7537",0.00917431192660551,2003,514,"2003514"
"238",159,114,228,9661,114,"7537",0.0087719298245614,2003,514,"2003514"
"239",163,118,232,9361,118,"7537",0.00847457627118644,2003,514,"2003514"
"240",166,121,235,8652,121,"7537",0.00826446280991736,2003,514,"2003514"
"241",157,112,226,8796,112,"7537",0.00892857142857143,2003,514,"2003514"
"242",158,113,227,9789,113,"7537",0.00884955752212389,2003,514,"2003514"
"243",155,110,224,10074,110,"7537",0.00909090909090909,2003,514,"2003514"
"244",153,108,222,10075,108,"7537",0.00925925925925926,2003,514,"2003514"
"245",152,107,221,7630,107,"7537",0.00934579439252336,2003,514,"2003514"
"246",150,105,219,9368,105,"7537",0.00952380952380952,2003,514,"2003514"
"247",158,113,227,9360,113,"7537",0.00884955752212389,2003,514,"2003514"
"248",148,103,217,10830,103,"7537",0.00970873786407767,2003,514,"2003514"
"249",107,62,176,7645,62,"7537",0.0161290322580645,2004,514,"2004514"
"250",105,60,174,8957,60,"7537",0.0166666666666667,2004,514,"2004514"
"251",104,59,173,7203,59,"7537",0.0169491525423729,2004,514,"2004514"
"252",113,68,182,8804,68,"7537",0.0147058823529412,2005,514,"2005514"
"253",107,62,176,10900,62,"7537",0.0161290322580645,2009,514,"2009514"
"254",112,67,181,9595,67,"7537",0.0149253731343284,2009,514,"2009514"
"255",118,73,187,10003,73,"7537",0.0136986301369863,2009,514,"2009514"
"256",103,58,172,8958,58,"7537",0.0172413793103448,2010,514,"2010514"
"257",106,61,175,8380,61,"7537",0.0163934426229508,2010,514,"2010514"
"258",113,68,182,9379,68,"7537",0.0147058823529412,2010,514,"2010514"
"259",108,63,177,10505,63,"7537",0.0158730158730159,2010,514,"2010514"
"260",80,35,149,10225,35,"7537",0.0285714285714286,1000,515,"1000515"
"261",9,40,78,7909,9,"7413",0.111111111111111,1000,515,"1000515"
"262",14,40,83,9329,14,"7413",0.0714285714285714,1000,515,"1000515"
"263",13,36,82,8908,13,"7413",0.0769230769230769,1000,515,"1000515"
"264",27,29,96,10103,27,"7413",0.037037037037037,1001,515,"1001515"
"265",82,37,151,10902,37,"7537",0.027027027027027,1001,515,"1001515"
"266",80,35,149,10009,35,"7537",0.0285714285714286,1001,515,"1001515"
"267",79,34,148,10434,34,"7537",0.0294117647058824,1001,515,"1001515"
"268",76,31,145,9024,31,"7537",0.032258064516129,1001,515,"1001515"
"269",69,24,138,10774,24,"7537",0.0416666666666667,1001,515,"1001515"
"270",26,28,95,7620,26,"7413",0.0384615384615385,1003,515,"1003515"
"271",Inf,Inf,Inf,8390,Inf,"7413",0,1003,515,"1003515"
"272",61,16,130,10014,16,"7537",0.0625,1003,515,"1003515"
"273",69,24,138,8739,24,"7537",0.0416666666666667,1004,515,"1004515"
"274",Inf,Inf,Inf,8668,Inf,"7413",0,1004,515,"1004515"
"275",Inf,Inf,Inf,8253,Inf,"7413",0,1004,515,"1004515"
"276",Inf,Inf,Inf,10907,Inf,"7413",0,1004,515,"1004515"
"277",Inf,Inf,Inf,9176,Inf,"7413",0,1004,515,"1004515"
"278",58,13,127,9678,13,"7537",0.0769230769230769,1005,515,"1005515"
"279",8,55,67,7993,8,"7413",0.125,1005,515,"1005515"
"280",2,49,69,7854,2,"7413",0.5,1005,515,"1005515"
"281",13,59,73,7493,13,"7413",0.0769230769230769,1005,515,"1005515"
"282",10,57,69,8769,10,"7413",0.1,1005,515,"1005515"
"283",28,21,97,10461,21,"7537",0.0476190476190476,1006,515,"1006515"
"284",32,23,101,8897,23,"7537",0.0434782608695652,1006,515,"1006515"
"285",31,22,100,8293,22,"7537",0.0454545454545455,1006,515,"1006515"
"286",35,26,104,9426,26,"7537",0.0384615384615385,1006,515,"1006515"
"287",34,25,103,7609,25,"7537",0.04,1006,515,"1006515"
"288",37,28,106,7966,28,"7537",0.0357142857142857,1006,515,"1006515"
"289",38,29,107,10460,29,"7537",0.0344827586206897,1006,515,"1006515"
"290",40,31,109,9247,31,"7537",0.032258064516129,1006,515,"1006515"
"291",42,33,111,10238,33,"7537",0.0303030303030303,1006,515,"1006515"
"292",44,35,113,7666,35,"7537",0.0285714285714286,1006,515,"1006515"
"293",38,41,107,9741,38,"7413",0.0263157894736842,1006,515,"1006515"
"294",36,39,105,7770,36,"7413",0.0277777777777778,1006,515,"1006515"
"295",34,37,103,7233,34,"7413",0.0294117647058824,1006,515,"1006515"
"296",33,36,102,9106,33,"7413",0.0303030303030303,1006,515,"1006515"
"297",26,29,95,8901,26,"7413",0.0384615384615385,1006,515,"1006515"
"298",61,16,130,7891,16,"7537",0.0625,1007,515,"1007515"
"299",38,28,107,10379,28,"7537",0.0357142857142857,1007,515,"1007515"
"300",41,31,110,8822,31,"7537",0.032258064516129,1007,515,"1007515"
"301",40,30,109,10649,30,"7537",0.0333333333333333,1007,515,"1007515"
"302",50,40,119,7603,40,"7537",0.025,1007,515,"1007515"
"303",44,35,113,7311,35,"7537",0.0285714285714286,1007,515,"1007515"
"304",48,39,117,8121,39,"7537",0.0256410256410256,1007,515,"1007515"
"305",42,33,111,10096,33,"7537",0.0303030303030303,1007,515,"1007515"
"306",39,30,108,8528,30,"7537",0.0333333333333333,1007,515,"1007515"
"307",36,27,105,10306,27,"7537",0.037037037037037,1007,515,"1007515"
"308",35,26,104,8478,26,"7537",0.0384615384615385,1007,515,"1007515"
"309",33,24,102,9949,24,"7537",0.0416666666666667,1007,515,"1007515"
"310",47,37,116,10848,37,"7537",0.027027027027027,1008,515,"1008515"
"311",49,39,118,10018,39,"7537",0.0256410256410256,1008,515,"1008515"
"312",54,44,123,10521,44,"7537",0.0227272727272727,1008,515,"1008515"
"313",52,42,121,10645,42,"7537",0.0238095238095238,1008,515,"1008515"
"314",48,38,117,8676,38,"7537",0.0263157894736842,1008,515,"1008515"
"315",43,33,112,7954,33,"7537",0.0303030303030303,1008,515,"1008515"
"316",42,32,111,9242,32,"7537",0.03125,1008,515,"1008515"
"317",43,33,112,9679,33,"7537",0.0303030303030303,1009,515,"1009515"
"318",Inf,Inf,Inf,8116,Inf,"7413",0,1009,515,"1009515"
"319",Inf,Inf,Inf,8468,Inf,"7413",0,1009,515,"1009515"
"320",Inf,Inf,Inf,8883,Inf,"7413",0,1009,515,"1009515"
"321",Inf,Inf,Inf,10230,Inf,"7413",0,1009,515,"1009515"
"322",Inf,Inf,Inf,9307,Inf,"7413",0,1009,515,"1009515"
"323",51,41,120,9608,41,"7537",0.024390243902439,1009,515,"1009515"
"324",50,40,119,10447,40,"7537",0.025,1009,515,"1009515"
"325",45,35,114,8031,35,"7537",0.0285714285714286,1009,515,"1009515"
"326",34,15,103,10924,15,"7537",0.0666666666666667,1010,515,"1010515"
"327",Inf,Inf,Inf,7750,Inf,"7413",0,1010,515,"1010515"
"328",Inf,Inf,Inf,8596,Inf,"7413",0,1010,515,"1010515"
"329",Inf,Inf,Inf,8462,Inf,"7413",0,1010,515,"1010515"
"330",Inf,Inf,Inf,10709,Inf,"7413",0,1010,515,"1010515"
"331",Inf,Inf,Inf,8465,Inf,"7413",0,1010,515,"1010515"
"332",Inf,Inf,Inf,7748,Inf,"7413",0,1010,515,"1010515"
"333",Inf,Inf,Inf,10583,Inf,"7413",0,1010,515,"1010515"
"334",Inf,Inf,Inf,8598,Inf,"7413",0,1010,515,"1010515"
"335",Inf,Inf,Inf,8813,Inf,"7413",0,1010,515,"1010515"
"336",Inf,Inf,Inf,7299,Inf,"7413",0,1010,515,"1010515"
"337",36,26,105,9103,26,"7537",0.0384615384615385,1011,515,"1011515"
"338",33,16,102,9743,16,"7537",0.0625,1011,515,"1011515"
"339",79,34,148,10149,34,"7537",0.0294117647058824,1011,515,"1011515"
"340",85,40,154,9803,40,"7537",0.025,1011,515,"1011515"
"341",Inf,Inf,Inf,7744,Inf,"7413",0,1011,515,"1011515"
"342",Inf,Inf,Inf,8460,Inf,"7413",0,1011,515,"1011515"
"343",Inf,Inf,Inf,8589,Inf,"7413",0,1011,515,"1011515"
"344",32,17,101,7316,17,"7537",0.0588235294117647,1012,515,"1012515"
"345",Inf,Inf,Inf,7746,Inf,"7413",0,1011,515,"1011515"
"346",87,42,156,10147,42,"7537",0.0238095238095238,1012,515,"1012515"
"347",87,42,156,9719,42,"7537",0.0238095238095238,1012,515,"1012515"
"348",81,36,150,9173,36,"7537",0.0277777777777778,1012,515,"1012515"
"349",28,21,97,10529,21,"7537",0.0476190476190476,1013,515,"1013515"
"350",73,28,142,7653,28,"7537",0.0357142857142857,1013,515,"1013515"
"351",76,31,145,10087,31,"7537",0.032258064516129,1013,515,"1013515"
"352",83,38,152,9089,38,"7537",0.0263157894736842,1013,515,"1013515"
"353",81,36,150,7946,36,"7537",0.0277777777777778,1013,515,"1013515"
"354",31,21,100,8201,21,"7537",0.0476190476190476,1014,515,"1014515"
"355",26,28,95,7616,26,"7413",0.0384615384615385,1015,515,"1015515"
"356",27,29,96,8828,27,"7413",0.037037037037037,1016,515,"1016515"
"357",34,15,103,8404,15,"7537",0.0666666666666667,1016,515,"1016515"
"358",8,47,77,10740,8,"7413",0.125,1016,515,"1016515"
"359",10,49,79,10738,10,"7413",0.1,1016,515,"1016515"
"360",13,52,82,10248,13,"7413",0.0769230769230769,1016,515,"1016515"
"361",14,53,83,10318,14,"7413",0.0714285714285714,1016,515,"1016515"
"362",18,57,87,8622,18,"7413",0.0555555555555556,1016,515,"1016515"
"363",20,59,89,7781,20,"7413",0.05,1016,515,"1016515"
"364",23,64,90,8986,23,"7413",0.0434782608695652,1016,515,"1016515"
"365",18,64,85,7911,18,"7413",0.0555555555555556,1016,515,"1016515"
"366",16,62,83,7489,16,"7413",0.0625,1016,515,"1016515"
"367",13,59,80,10043,13,"7413",0.0769230769230769,1016,515,"1016515"
"368",10,56,77,7913,10,"7413",0.1,1016,515,"1016515"
"369",7,53,74,9557,7,"7413",0.142857142857143,1016,515,"1016515"
"370",8,54,75,9756,8,"7413",0.125,1016,515,"1016515"
"371",28,30,97,9744,28,"7413",0.0357142857142857,1017,515,"1017515"
"372",10,39,79,7627,10,"7413",0.1,1017,515,"1017515"
"373",14,41,83,7245,14,"7413",0.0714285714285714,1017,515,"1017515"
"374",15,42,84,9191,15,"7413",0.0666666666666667,1017,515,"1017515"
"375",16,43,85,7779,16,"7413",0.0625,1017,515,"1017515"
"376",21,48,90,7625,21,"7413",0.0476190476190476,1017,515,"1017515"
"377",23,50,92,9255,23,"7413",0.0434782608695652,1017,515,"1017515"
"378",24,51,93,7557,24,"7413",0.0416666666666667,1017,515,"1017515"
"379",26,53,95,10858,26,"7413",0.0384615384615385,1017,515,"1017515"
"380",25,57,94,10316,25,"7413",0.04,1017,515,"1017515"
"381",24,58,93,9622,24,"7413",0.0416666666666667,1017,515,"1017515"
"382",23,59,92,8413,23,"7413",0.0434782608695652,1017,515,"1017515"
"383",20,59,89,8694,20,"7413",0.05,1017,515,"1017515"
"384",18,57,87,7405,18,"7413",0.0555555555555556,1017,515,"1017515"
"385",13,52,82,9626,13,"7413",0.0769230769230769,1017,515,"1017515"
"386",12,51,81,10539,12,"7413",0.0833333333333333,1017,515,"1017515"
"387",31,51,100,7399,31,"7413",0.032258064516129,1018,515,"1018515"
"388",21,28,90,10532,21,"7413",0.0476190476190476,1019,515,"1019515"
"389",25,28,94,7550,25,"7413",0.04,1019,515,"1019515"
"390",26,29,95,10244,26,"7413",0.0384615384615385,1019,515,"1019515"
"391",29,32,98,7472,29,"7413",0.0344827586206897,1019,515,"1019515"
"392",31,34,100,9110,31,"7413",0.032258064516129,1019,515,"1019515"
"393",34,37,103,9250,34,"7413",0.0294117647058824,1019,515,"1019515"
"394",36,39,105,8976,36,"7413",0.0277777777777778,1019,515,"1019515"
"395",38,41,107,8480,38,"7413",0.0263157894736842,1019,515,"1019515"
"396",35,47,104,7397,35,"7413",0.0285714285714286,1019,515,"1019515"
"397",32,47,101,8827,32,"7413",0.03125,1019,515,"1019515"
"398",25,40,94,8615,25,"7413",0.04,1019,515,"1019515"
"399",24,39,93,7621,24,"7413",0.0416666666666667,1019,515,"1019515"
"400",21,36,90,10659,21,"7413",0.0476190476190476,1019,515,"1019515"
"401",22,37,91,9862,22,"7413",0.0454545454545455,1019,515,"1019515"
"402",20,35,89,9958,20,"7413",0.05,1019,515,"1019515"
"403",54,101,113,7276,54,"7413",0.0185185185185185,1020,515,"1020515"
"404",58,105,117,9009,58,"7413",0.0172413793103448,1020,515,"1020515"
"405",59,106,118,8344,59,"7413",0.0169491525423729,1020,515,"1020515"
"406",62,109,121,8343,62,"7413",0.0161290322580645,1020,515,"1020515"
"407",63,110,122,7352,63,"7413",0.0158730158730159,1020,515,"1020515"
"408",65,112,124,8571,65,"7413",0.0153846153846154,1020,515,"1020515"
"409",66,113,125,8342,66,"7413",0.0151515151515152,1020,515,"1020515"
"410",68,115,127,10275,68,"7413",0.0147058823529412,1020,515,"1020515"
"411",49,96,108,8338,49,"7413",0.0204081632653061,1021,515,"1021515"
"412",52,99,111,8091,52,"7413",0.0192307692307692,1021,515,"1021515"
"413",51,98,110,9152,51,"7413",0.0196078431372549,1021,515,"1021515"
"414",53,100,112,9905,53,"7413",0.0188679245283019,1021,515,"1021515"
"415",55,102,114,9350,55,"7413",0.0181818181818182,1021,515,"1021515"
"416",56,103,115,7935,56,"7413",0.0178571428571429,1021,515,"1021515"
"417",58,105,117,10273,58,"7413",0.0172413793103448,1021,515,"1021515"
"418",61,108,120,8438,61,"7413",0.0163934426229508,1021,515,"1021515"
"419",63,110,122,8364,63,"7413",0.0158730158730159,1021,515,"1021515"
"420",62,109,121,9654,62,"7413",0.0161290322580645,1021,515,"1021515"
"421",64,110,125,8859,64,"7413",0.015625,1021,515,"1021515"
"422",65,111,129,10956,65,"7413",0.0153846153846154,1021,515,"1021515"
"423",70,117,129,7874,70,"7413",0.0142857142857143,1021,515,"1021515"
"424",68,115,127,8568,68,"7413",0.0147058823529412,1021,515,"1021515"
"425",64,111,123,7716,64,"7413",0.015625,1021,515,"1021515"
"426",62,109,121,10337,62,"7413",0.0161290322580645,1021,515,"1021515"
"427",58,105,117,10338,58,"7413",0.0172413793103448,1021,515,"1021515"
"428",60,107,119,8340,60,"7413",0.0166666666666667,1021,515,"1021515"
"429",55,102,114,8573,55,"7413",0.0181818181818182,1021,515,"1021515"
"430",38,85,97,10628,38,"7413",0.0263157894736842,1022,515,"1022515"
"431",41,88,100,7268,41,"7413",0.024390243902439,1022,515,"1022515"
"432",43,90,102,7932,43,"7413",0.0232558139534884,1022,515,"1022515"
"433",45,92,104,8010,45,"7413",0.0222222222222222,1022,515,"1022515"
"434",46,93,105,7266,46,"7413",0.0217391304347826,1022,515,"1022515"
"435",48,95,107,9910,48,"7413",0.0208333333333333,1022,515,"1022515"
"436",52,99,111,8009,52,"7413",0.0192307692307692,1022,515,"1022515"
"437",50,97,109,8433,50,"7413",0.02,1022,515,"1022515"
"438",52,99,111,8327,52,"7413",0.0192307692307692,1022,515,"1022515"
"439",59,106,118,10685,59,"7413",0.0169491525423729,1022,515,"1022515"
"440",54,100,119,9146,54,"7413",0.0185185185185185,1022,515,"1022515"
"441",58,104,120,7807,58,"7413",0.0172413793103448,1022,515,"1022515"
"442",57,104,116,8328,57,"7413",0.0175438596491228,1022,515,"1022515"
"443",55,102,114,10418,55,"7413",0.0181818181818182,1022,515,"1022515"
"444",52,99,111,9912,52,"7413",0.0192307692307692,1022,515,"1022515"
"445",53,100,112,10559,53,"7413",0.0188679245283019,1022,515,"1022515"
"446",46,93,105,7501,46,"7413",0.0217391304347826,1022,515,"1022515"
"447",45,92,104,7873,45,"7413",0.0222222222222222,1022,515,"1022515"
"448",33,80,92,7582,33,"7413",0.0303030303030303,1023,515,"1023515"
"449",34,81,93,8326,34,"7413",0.0294117647058824,1023,515,"1023515"
"450",35,82,94,9770,35,"7413",0.0285714285714286,1023,515,"1023515"
"451",37,84,96,8167,37,"7413",0.027027027027027,1023,515,"1023515"
"452",40,87,99,7805,40,"7413",0.025,1023,515,"1023515"
"453",43,90,102,9644,43,"7413",0.0232558139534884,1023,515,"1023515"
"454",44,91,103,9907,44,"7413",0.0227272727272727,1023,515,"1023515"
"455",47,94,106,8562,47,"7413",0.0212765957446809,1023,515,"1023515"
"456",48,94,113,9001,48,"7413",0.0208333333333333,1023,515,"1023515"
"457",49,96,108,9574,49,"7413",0.0204081632653061,1023,515,"1023515"
"458",48,95,107,10951,48,"7413",0.0208333333333333,1023,515,"1023515"
"459",47,94,106,10268,47,"7413",0.0212765957446809,1023,515,"1023515"
"460",40,87,99,8935,40,"7413",0.025,1023,515,"1023515"
"461",25,72,84,7865,25,"7413",0.04,1024,515,"1024515"
"462",29,76,88,8164,29,"7413",0.0344827586206897,1024,515,"1024515"
"463",33,80,92,7924,33,"7413",0.0303030303030303,1024,515,"1024515"
"464",38,85,97,9342,38,"7413",0.0263157894736842,1024,515,"1024515"
"465",37,84,96,10326,37,"7413",0.027027027027027,1024,515,"1024515"
"466",39,86,98,8159,39,"7413",0.0256410256410256,1024,515,"1024515"
"467",40,87,99,8923,40,"7413",0.025,1024,515,"1024515"
"468",41,87,102,8554,41,"7413",0.024390243902439,1024,515,"1024515"
"469",42,88,107,9475,42,"7413",0.0238095238095238,1024,515,"1024515"
"470",46,92,108,10552,46,"7413",0.0217391304347826,1024,515,"1024515"
"471",42,88,107,9886,42,"7413",0.0238095238095238,1024,515,"1024515"
"472",47,93,107,10128,47,"7413",0.0212765957446809,1024,515,"1024515"
"473",47,94,106,9888,47,"7413",0.0212765957446809,1024,515,"1024515"
"474",45,92,104,8707,45,"7413",0.0222222222222222,1024,515,"1024515"
"475",44,91,103,10263,44,"7413",0.0227272727272727,1024,515,"1024515"
"476",39,86,98,8632,39,"7413",0.0256410256410256,1024,515,"1024515"
"477",36,83,95,10328,36,"7413",0.0277777777777778,1024,515,"1024515"
"478",33,80,92,9271,33,"7413",0.0303030303030303,1024,515,"1024515"
"479",45,92,104,8336,45,"7413",0.0222222222222222,1025,515,"1025515"
"480",51,98,110,9215,51,"7413",0.0196078431372549,1025,515,"1025515"
"481",53,100,112,7713,53,"7413",0.0188679245283019,1025,515,"1025515"
"482",55,102,114,8641,55,"7413",0.0181818181818182,1025,515,"1025515"
"483",56,103,115,9501,56,"7413",0.0178571428571429,1025,515,"1025515"
"484",57,104,116,8788,57,"7413",0.0175438596491228,1025,515,"1025515"
"485",59,106,118,7808,59,"7413",0.0169491525423729,1025,515,"1025515"
"486",58,104,120,7429,58,"7413",0.0172413793103448,1025,515,"1025515"
"487",60,106,124,10132,60,"7413",0.0166666666666667,1025,515,"1025515"
"488",62,109,121,9988,62,"7413",0.0161290322580645,1025,515,"1025515"
"489",56,103,115,7585,56,"7413",0.0178571428571429,1025,515,"1025515"
"490",57,104,116,10892,57,"7413",0.0175438596491228,1025,515,"1025515"
"491",52,99,111,9904,52,"7413",0.0192307692307692,1025,515,"1025515"
"492",54,101,113,9773,54,"7413",0.0185185185185185,1025,515,"1025515"
"493",46,93,105,10271,46,"7413",0.0217391304347826,1025,515,"1025515"
"494",21,68,80,7797,21,"7413",0.0476190476190476,1026,515,"1026515"
"495",24,71,83,7170,24,"7413",0.0416666666666667,1026,515,"1026515"
"496",23,70,82,7999,23,"7413",0.0434782608695652,1026,515,"1026515"
"497",26,73,85,10127,26,"7413",0.0384615384615385,1026,515,"1026515"
"498",27,74,86,8552,27,"7413",0.037037037037037,1026,515,"1026515"
"499",31,78,90,7573,31,"7413",0.032258064516129,1026,515,"1026515"
"500",36,82,95,7636,36,"7413",0.0277777777777778,1026,515,"1026515"
"501",40,86,103,9896,40,"7413",0.025,1026,515,"1026515"
"502",41,88,100,10550,41,"7413",0.024390243902439,1026,515,"1026515"
"503",37,84,96,9640,37,"7413",0.027027027027027,1026,515,"1026515"
"504",36,83,95,9135,36,"7413",0.0277777777777778,1026,515,"1026515"
"505",35,82,94,8778,35,"7413",0.0285714285714286,1026,515,"1026515"
"506",33,80,92,7922,33,"7413",0.0303030303030303,1026,515,"1026515"
"507",30,77,89,10946,30,"7413",0.0333333333333333,1026,515,"1026515"
"508",29,76,88,10325,29,"7413",0.0344827586206897,1026,515,"1026515"
"509",27,74,86,8426,27,"7413",0.037037037037037,1026,515,"1026515"
"510",14,61,73,10615,14,"7413",0.0714285714285714,1027,515,"1027515"
"511",12,58,74,7918,12,"7413",0.0833333333333333,1027,515,"1027515"
"512",10,56,76,10123,10,"7413",0.1,1027,515,"1027515"
"513",12,58,79,9560,12,"7413",0.0833333333333333,1027,515,"1027515"
"514",17,63,84,7569,17,"7413",0.0588235294117647,1027,515,"1027515"
"515",18,64,85,8066,18,"7413",0.0555555555555556,1027,515,"1027515"
"516",30,76,97,9691,30,"7413",0.0333333333333333,1027,515,"1027515"
"517",25,71,92,9199,25,"7413",0.04,1027,515,"1027515"
"518",35,82,94,9868,35,"7413",0.0285714285714286,1027,515,"1027515"
"519",32,79,91,7419,32,"7413",0.03125,1027,515,"1027515"
"520",33,80,92,10407,33,"7413",0.0303030303030303,1027,515,"1027515"
"521",34,81,93,8069,34,"7413",0.0294117647058824,1027,515,"1027515"
"522",31,78,90,8703,31,"7413",0.032258064516129,1027,515,"1027515"
"523",28,75,87,8420,28,"7413",0.0357142857142857,1027,515,"1027515"
"524",26,73,85,7572,26,"7413",0.0384615384615385,1027,515,"1027515"
"525",25,72,84,7258,25,"7413",0.04,1027,515,"1027515"
"526",23,70,82,8921,23,"7413",0.0434782608695652,1027,515,"1027515"
"527",8,54,75,10113,8,"7413",0.125,1028,515,"1028515"
"528",11,57,78,10319,11,"7413",0.0909090909090909,1028,515,"1028515"
"529",14,60,81,9334,14,"7413",0.0714285714285714,1028,515,"1028515"
"530",16,62,83,8492,16,"7413",0.0625,1028,515,"1028515"
"531",17,63,84,7786,17,"7413",0.0588235294117647,1028,515,"1028515"
"532",22,68,89,9851,22,"7413",0.0454545454545455,1028,515,"1028515"
"533",24,70,91,8913,24,"7413",0.0416666666666667,1028,515,"1028515"
"534",23,69,90,10743,23,"7413",0.0434782608695652,1028,515,"1028515"
"535",22,68,89,9050,22,"7413",0.0454545454545455,1028,515,"1028515"
"536",18,64,85,7789,18,"7413",0.0555555555555556,1028,515,"1028515"
"537",17,63,84,9338,17,"7413",0.0588235294117647,1028,515,"1028515"
"538",8,54,75,9054,8,"7413",0.125,1028,515,"1028515"
"539",Inf,Inf,Inf,9821,Inf,"7413",0,2000,515,"2000515"
"540",Inf,Inf,Inf,9819,Inf,"7413",0,2000,515,"2000515"
"541",Inf,Inf,Inf,10435,Inf,"7413",0,2000,515,"2000515"
"542",Inf,Inf,Inf,8737,Inf,"7413",0,2000,515,"2000515"
"543",Inf,Inf,Inf,10705,Inf,"7413",0,2000,515,"2000515"
"544",Inf,Inf,Inf,8107,Inf,"7413",0,2001,515,"2001515"
"545",Inf,Inf,Inf,8740,Inf,"7413",0,2001,515,"2001515"
"546",Inf,Inf,Inf,10437,Inf,"7413",0,2001,515,"2001515"
"547",Inf,Inf,Inf,7294,Inf,"7413",0,2001,515,"2001515"
"548",Inf,Inf,Inf,8881,Inf,"7413",0,2002,515,"2002515"
"549",61,51,130,8111,51,"7537",0.0196078431372549,2002,515,"2002515"
"550",59,49,128,8110,49,"7537",0.0204081632653061,2002,515,"2002515"
"551",Inf,Inf,Inf,7527,Inf,"7413",0,2002,515,"2002515"
"552",Inf,Inf,Inf,8389,Inf,"7413",0,2002,515,"2002515"
"553",Inf,Inf,Inf,10012,Inf,"7413",0,2002,515,"2002515"
"554",Inf,Inf,Inf,7749,Inf,"7413",0,2002,515,"2002515"
"555",Inf,Inf,Inf,8595,Inf,"7413",0,2002,515,"2002515"
"556",Inf,Inf,Inf,8882,Inf,"7413",0,2002,515,"2002515"
"557",Inf,Inf,Inf,8193,Inf,"7413",0,2003,515,"2003515"
"558",Inf,Inf,Inf,7528,Inf,"7413",0,2003,515,"2003515"
"559",Inf,Inf,Inf,8190,Inf,"7413",0,2003,515,"2003515"
"560",Inf,Inf,Inf,9605,Inf,"7413",0,2003,515,"2003515"
"561",Inf,Inf,Inf,7301,Inf,"7413",0,2003,515,"2003515"
"562",63,53,132,7755,53,"7537",0.0188679245283019,2003,515,"2003515"
"563",47,38,116,7604,38,"7537",0.0263157894736842,2004,515,"2004515"
"564",47,39,116,7538,39,"7537",0.0256410256410256,2004,515,"2004515"
"565",48,40,117,8401,40,"7537",0.025,2004,515,"2004515"
"566",49,41,118,8748,41,"7537",0.024390243902439,2004,515,"2004515"
"567",50,42,119,10715,42,"7537",0.0238095238095238,2004,515,"2004515"
"568",52,44,121,7759,44,"7537",0.0227272727272727,2004,515,"2004515"
"569",51,45,120,10303,45,"7537",0.0222222222222222,2004,515,"2004515"
"570",Inf,Inf,Inf,8604,Inf,"7413",0,2004,515,"2004515"
"571",Inf,Inf,Inf,9308,Inf,"7413",0,2004,515,"2004515"
"572",Inf,Inf,Inf,9534,Inf,"7413",0,2004,515,"2004515"
"573",57,47,126,8273,47,"7537",0.0212765957446809,2004,515,"2004515"
"574",43,39,112,10593,39,"7537",0.0256410256410256,2005,515,"2005515"
"575",39,49,108,10856,39,"7413",0.0256410256410256,2005,515,"2005515"
"576",42,52,111,7836,42,"7413",0.0238095238095238,2005,515,"2005515"
"577",44,52,113,8529,44,"7413",0.0227272727272727,2005,515,"2005515"
"578",48,40,117,9419,40,"7537",0.025,2005,515,"2005515"
"579",48,40,117,8609,40,"7537",0.025,2005,515,"2005515"
"580",49,41,118,8525,41,"7537",0.024390243902439,2005,515,"2005515"
"581",50,42,119,10168,42,"7537",0.0238095238095238,2005,515,"2005515"
"582",29,57,98,7323,29,"7413",0.0344827586206897,2006,515,"2006515"
"583",40,54,109,9839,40,"7413",0.025,2006,515,"2006515"
"584",29,57,98,10534,29,"7413",0.0344827586206897,2007,515,"2007515"
"585",23,59,92,9554,23,"7413",0.0434782608695652,2007,515,"2007515"
"586",28,56,97,8541,28,"7413",0.0357142857142857,2007,515,"2007515"
"587",24,58,93,7152,24,"7413",0.0416666666666667,2007,515,"2007515"
"588",Inf,Inf,Inf,8619,Inf,"7413",0,2007,515,"2007515"
"589",36,61,105,8692,36,"7413",0.0277777777777778,2007,515,"2007515"
"590",Inf,Inf,Inf,9044,Inf,"7413",0,2007,515,"2007515"
"591",32,60,101,7242,32,"7413",0.03125,2007,515,"2007515"
"592",26,72,93,8834,26,"7413",0.0384615384615385,2008,515,"2008515"
"593",28,68,95,10861,28,"7413",0.0357142857142857,2008,515,"2008515"
"594",22,68,89,9331,22,"7413",0.0454545454545455,2009,515,"2009515"
"595",30,76,97,10795,30,"7413",0.0333333333333333,2009,515,"2009515"
"596",34,80,101,8297,34,"7413",0.0294117647058824,2009,515,"2009515"
"597",26,72,93,10605,26,"7413",0.0384615384615385,2009,515,"2009515"
"598",24,70,91,8491,24,"7413",0.0416666666666667,2009,515,"2009515"
"599",27,73,94,10739,27,"7413",0.037037037037037,2009,515,"2009515"
"600",28,74,95,7633,28,"7413",0.0357142857142857,2010,515,"2010515"
"601",29,75,96,8916,29,"7413",0.0344827586206897,2010,515,"2010515"
"602",37,83,103,10477,37,"7413",0.027027027027027,2010,515,"2010515"
"603",40,86,106,9758,40,"7413",0.025,2010,515,"2010515"
"604",41,87,107,7565,41,"7413",0.024390243902439,2010,515,"2010515"
"605",38,81,105,7564,38,"7413",0.0263157894736842,2010,515,"2010515"
"606",36,81,103,7687,36,"7413",0.0277777777777778,2010,515,"2010515"
"607",33,79,100,7788,33,"7413",0.0303030303030303,2010,515,"2010515"
"608",32,78,99,10404,32,"7413",0.03125,2010,515,"2010515"
"609",37,83,103,8421,37,"7413",0.027027027027027,2011,515,"2011515"
"610",42,88,107,9694,42,"7413",0.0238095238095238,2011,515,"2011515"
"611",44,90,109,10124,44,"7413",0.0227272727272727,2011,515,"2011515"
"612",48,94,113,8497,48,"7413",0.0208333333333333,2011,515,"2011515"
"613",43,86,110,8152,43,"7413",0.0232558139534884,2011,515,"2011515"
"614",41,87,107,9201,41,"7413",0.024390243902439,2011,515,"2011515"
"615",40,86,106,8700,40,"7413",0.025,2011,515,"2011515"
"616",36,82,102,9055,36,"7413",0.0277777777777778,2011,515,"2011515"
"617",40,86,105,10745,40,"7413",0.025,2012,515,"2012515"
"618",43,89,108,10050,43,"7413",0.0232558139534884,2012,515,"2012515"
"619",50,96,115,9205,50,"7413",0.02,2012,515,"2012515"
"620",55,99,120,8073,55,"7413",0.0181818181818182,2012,515,"2012515"
"621",49,92,116,10673,49,"7413",0.0204081632653061,2012,515,"2012515"
"622",50,93,117,10256,50,"7413",0.02,2012,515,"2012515"
"623",49,94,114,8773,49,"7413",0.0204081632653061,2012,515,"2012515"
"624",46,92,111,10409,46,"7413",0.0217391304347826,2012,515,"2012515"
"625",44,90,109,8213,44,"7413",0.0227272727272727,2012,515,"2012515"
"626",43,89,108,7422,43,"7413",0.0232558139534884,2012,515,"2012515"
"627",47,93,112,9900,47,"7413",0.0212765957446809,2013,515,"2013515"
"628",42,88,107,7574,42,"7413",0.0238095238095238,2012,515,"2012515"
"629",55,101,120,10681,55,"7413",0.0181818181818182,2013,515,"2013515"
"630",57,103,122,10200,57,"7413",0.0175438596491228,2013,515,"2013515"
"631",61,105,126,8080,61,"7413",0.0163934426229508,2013,515,"2013515"
"632",53,99,118,10197,53,"7413",0.0188679245283019,2013,515,"2013515"
"633",52,98,117,8704,52,"7413",0.0192307692307692,2013,515,"2013515"
"634",49,95,114,8003,49,"7413",0.0204081632653061,2013,515,"2013515"
"635",53,99,118,8638,53,"7413",0.0188679245283019,2014,515,"2014515"
"636",55,101,120,8083,55,"7413",0.0181818181818182,2014,515,"2014515"
"637",62,108,127,7869,62,"7413",0.0161290322580645,2014,515,"2014515"
"638",64,110,129,7868,64,"7413",0.015625,2014,515,"2014515"
"639",61,107,126,8934,61,"7413",0.0163934426229508,2014,515,"2014515"
"640",65,111,130,8713,65,"7413",0.0153846153846154,2014,515,"2014515"
"641",66,112,131,9493,66,"7413",0.0151515151515152,2014,515,"2014515"
"642",61,104,128,8709,61,"7413",0.0163934426229508,2014,515,"2014515"
"643",61,105,126,8563,61,"7413",0.0163934426229508,2014,515,"2014515"
"644",59,105,124,9767,59,"7413",0.0169491525423729,2014,515,"2014515"
"645",55,101,120,10129,55,"7413",0.0181818181818182,2014,515,"2014515"
"646",66,112,130,9505,66,"7413",0.0151515151515152,2015,515,"2015515"
"647",67,113,131,9068,67,"7413",0.0149253731343284,2015,515,"2015515"
"648",64,110,129,7709,64,"7413",0.015625,2015,515,"2015515"
"649",60,106,125,9274,60,"7413",0.0166666666666667,2015,515,"2015515"
"650",70,113,137,8786,70,"7413",0.0142857142857143,2016,515,"2016515"
"651",69,112,136,8933,69,"7413",0.0144927536231884,2016,515,"2016515"
"652",66,109,133,8712,66,"7413",0.0151515151515152,2017,515,"2017515"
"653",67,110,134,10201,67,"7413",0.0149253731343284,2017,515,"2017515"
"654",63,106,130,9980,63,"7413",0.0158730158730159,2017,515,"2017515"
"655",33,76,100,8836,33,"7413",0.0303030303030303,2018,515,"2018515"
"656",36,79,103,10793,36,"7413",0.0277777777777778,2018,515,"2018515"
"657",43,86,110,8333,43,"7413",0.0232558139534884,2018,515,"2018515"
"658",44,87,111,9130,44,"7413",0.0227272727272727,2018,515,"2018515"
"659",55,98,122,10258,55,"7413",0.0181818181818182,2019,515,"2019515"
"660",47,49,116,9245,47,"7413",0.0212765957446809,2020,515,"2020515"
"661",46,50,115,7141,46,"7413",0.0217391304347826,2020,515,"2020515"
"662",45,51,114,9434,45,"7413",0.0222222222222222,2020,515,"2020515"
"663",44,52,113,9833,44,"7413",0.0227272727272727,2020,515,"2020515"
"664",41,51,110,7394,41,"7413",0.024390243902439,2020,515,"2020515"
"665",39,55,108,7471,39,"7413",0.0256410256410256,2020,515,"2020515"
"666",37,57,106,9545,37,"7413",0.027027027027027,2020,515,"2020515"
"667",36,58,105,8306,36,"7413",0.0277777777777778,2020,515,"2020515"
"668",38,63,106,9746,38,"7413",0.0263157894736842,2020,515,"2020515"
"669",Inf,Inf,Inf,7828,Inf,"7413",0,2022,515,"2022515"
"670",Inf,Inf,Inf,7132,Inf,"7413",0,2022,515,"2022515"
"671",Inf,Inf,Inf,9095,Inf,"7413",0,2022,515,"2022515"
"672",152,107,221,9098,107,"7537",0.00934579439252336,3000,514,"3000514"
"673",155,110,224,10843,110,"7537",0.00909090909090909,3000,514,"3000514"
"674",156,111,225,10779,111,"7537",0.00900900900900901,3000,514,"3000514"
"675",166,121,235,8475,121,"7537",0.00826446280991736,3001,514,"3001514"
"676",157,112,226,9815,112,"7537",0.00892857142857143,3001,514,"3001514"
"677",159,114,228,9030,114,"7537",0.0087719298245614,3001,514,"3001514"
"678",161,116,230,9680,116,"7537",0.00862068965517241,3001,514,"3001514"
"679",163,118,232,7834,118,"7537",0.00847457627118644,3001,514,"3001514"
"680",163,118,232,10716,118,"7537",0.00847457627118644,3002,514,"3002514"
"681",162,117,231,10451,117,"7537",0.00854700854700855,3003,514,"3003514"
"682",157,112,226,10914,112,"7537",0.00892857142857143,3003,514,"3003514"
"683",164,119,233,7757,119,"7537",0.00840336134453781,3003,514,"3003514"
"684",158,113,227,8675,113,"7537",0.00884955752212389,3003,514,"3003514"
"685",157,112,226,10847,112,"7537",0.00892857142857143,3003,514,"3003514"
"686",225,180,294,7796,180,"7537",0.00555555555555556,3005,514,"3005514"
"687",225,180,294,10195,180,"7537",0.00555555555555556,3005,514,"3005514"
"688",228,183,297,7496,183,"7537",0.00546448087431694,3005,514,"3005514"
"689",209,164,278,7853,164,"7537",0.00609756097560976,3005,514,"3005514"
"690",207,162,276,10606,162,"7537",0.00617283950617284,3005,514,"3005514"
"691",206,161,275,7852,161,"7537",0.0062111801242236,3005,514,"3005514"
"692",200,155,269,8488,155,"7537",0.00645161290322581,3006,514,"3006514"
"693",202,157,271,8837,157,"7537",0.00636942675159236,3007,514,"3007514"
"694",210,165,279,9452,165,"7537",0.00606060606060606,3007,514,"3007514"
"695",207,162,276,7560,162,"7537",0.00617283950617284,3007,514,"3007514"
"696",212,167,281,10608,167,"7537",0.00598802395209581,3007,514,"3007514"
"697",228,183,297,9884,183,"7537",0.00546448087431694,3010,514,"3010514"
"698",226,181,295,8925,181,"7537",0.00552486187845304,3010,514,"3010514"
"699",228,183,297,9207,183,"7537",0.00546448087431694,3010,514,"3010514"
"700",226,181,295,9695,181,"7537",0.00552486187845304,3010,514,"3010514"
"701",230,185,299,8850,185,"7537",0.00540540540540541,3010,514,"3010514"
"702",231,186,300,8929,186,"7537",0.00537634408602151,3010,514,"3010514"
"703",232,187,301,8633,187,"7537",0.0053475935828877,3010,514,"3010514"
"704",234,189,303,9573,189,"7537",0.00529100529100529,3010,514,"3010514"
"705",217,172,286,7790,172,"7537",0.00581395348837209,3011,514,"3011514"
"706",213,168,282,9195,168,"7537",0.00595238095238095,3011,514,"3011514"
"707",215,170,284,9128,170,"7537",0.00588235294117647,3011,514,"3011514"
"708",217,172,286,10546,172,"7537",0.00581395348837209,3011,514,"3011514"
"709",212,167,281,7410,167,"7537",0.00598802395209581,3011,514,"3011514"
"710",218,173,287,8842,173,"7537",0.00578034682080925,3011,514,"3011514"
"711",220,175,289,9870,175,"7537",0.00571428571428571,3011,514,"3011514"
"712",226,181,295,7695,181,"7537",0.00552486187845304,3011,514,"3011514"
"713",218,173,287,10869,173,"7537",0.00578034682080925,3012,514,"3012514"
"714",217,172,286,10253,172,"7537",0.00581395348837209,3012,514,"3012514"
"715",213,168,282,8493,168,"7537",0.00595238095238095,3012,514,"3012514"
"716",211,166,280,8299,166,"7537",0.00602409638554217,3012,514,"3012514"
"717",218,173,287,10671,173,"7537",0.00578034682080925,3012,514,"3012514"
"718",221,176,290,9972,176,"7537",0.00568181818181818,3012,514,"3012514"
"719",223,178,292,8153,178,"7537",0.00561797752808989,3012,514,"3012514"
"720",210,165,279,9854,165,"7537",0.00606060606060606,3012,514,"3012514"
"721",213,168,282,9262,168,"7537",0.00595238095238095,3013,514,"3013514"
"722",213,168,282,9335,168,"7537",0.00595238095238095,3013,514,"3013514"
"723",194,149,263,10246,149,"7537",0.00671140939597315,3014,514,"3014514"
"724",196,151,265,8284,151,"7537",0.00662251655629139,3014,514,"3014514"
"725",198,153,267,7981,153,"7537",0.0065359477124183,3014,514,"3014514"
"726",195,150,264,9043,150,"7537",0.00666666666666667,3015,514,"3015514"
"727",190,145,259,9441,145,"7537",0.00689655172413793,3015,514,"3015514"
"728",188,143,257,10391,143,"7537",0.00699300699300699,3015,514,"3015514"
"729",186,141,255,10104,141,"7537",0.00709219858156028,3015,514,"3015514"
"730",178,133,247,9430,133,"7537",0.0075187969924812,3016,514,"3016514"
"731",184,139,253,10179,139,"7537",0.00719424460431655,3016,514,"3016514"
"732",180,135,249,8904,135,"7537",0.00740740740740741,3016,514,"3016514"
"733",180,135,249,9742,135,"7537",0.00740740740740741,3017,514,"3017514"
"734",167,122,236,7223,122,"7537",0.00819672131147541,3018,514,"3018514"
"735",168,123,237,10527,123,"7537",0.00813008130081301,3018,514,"3018514"
"736",166,121,235,9183,121,"7537",0.00826446280991736,3018,514,"3018514"
"737",166,121,235,9310,121,"7537",0.00826446280991736,3019,514,"3019514"
"738",167,122,236,10375,122,"7537",0.00819672131147541,3019,514,"3019514"
"739",185,140,254,10028,140,"7537",0.00714285714285714,3020,514,"3020514"
"740",172,127,241,9181,127,"7537",0.0078740157480315,3020,514,"3020514"
"741",174,129,243,9826,129,"7537",0.00775193798449612,3020,514,"3020514"
"742",173,128,242,8033,128,"7537",0.0078125,3021,514,"3021514"
"743",174,129,243,8038,129,"7537",0.00775193798449612,3021,514,"3021514"
"744",176,131,245,10382,131,"7537",0.00763358778625954,3021,514,"3021514"
"745",178,133,247,10852,133,"7537",0.0075187969924812,3021,514,"3021514"
"746",184,139,253,7669,139,"7537",0.00719424460431655,3021,514,"3021514"
"747",178,133,247,9184,133,"7537",0.0075187969924812,3021,514,"3021514"
"748",175,130,244,7542,130,"7537",0.00769230769230769,3021,514,"3021514"
"749",200,155,269,8203,155,"7537",0.00645161290322581,3025,514,"3025514"
"750",204,159,273,10465,159,"7537",0.00628930817610063,3025,514,"3025514"
"751",205,160,274,10595,160,"7537",0.00625,3025,514,"3025514"
"752",206,161,275,8903,161,"7537",0.0062111801242236,3025,514,"3025514"
"753",209,164,278,8614,164,"7537",0.00609756097560976,3025,514,"3025514"
"754",211,166,280,10469,166,"7537",0.00602409638554217,3025,514,"3025514"
"755",212,167,281,7902,167,"7537",0.00598802395209581,3025,514,"3025514"
"756",214,169,283,7147,169,"7537",0.00591715976331361,3025,514,"3025514"
"757",216,171,285,10728,171,"7537",0.00584795321637427,3025,514,"3025514"
"758",217,172,286,9549,172,"7537",0.00581395348837209,3025,514,"3025514"
"759",218,173,287,8280,173,"7537",0.00578034682080925,3025,514,"3025514"
"760",220,175,289,8906,175,"7537",0.00571428571428571,3025,514,"3025514"
"761",222,177,291,10396,177,"7537",0.00564971751412429,3025,514,"3025514"
"762",223,178,292,9190,178,"7537",0.00561797752808989,3025,514,"3025514"
"763",225,180,294,9751,180,"7537",0.00555555555555556,3025,514,"3025514"
"764",227,182,296,8621,182,"7537",0.00549450549450549,3025,514,"3025514"
"765",229,184,298,8057,184,"7537",0.00543478260869565,3025,514,"3025514"
"766",231,186,300,8987,186,"7537",0.00537634408602151,3025,514,"3025514"
"767",233,188,302,7156,188,"7537",0.00531914893617021,3025,514,"3025514"
"768",234,189,303,9967,189,"7537",0.00529100529100529,3025,514,"3025514"
"769",227,182,296,7846,182,"7537",0.00549450549450549,3025,514,"3025514"
"770",233,188,302,9445,188,"7537",0.00531914893617021,3025,514,"3025514"
"771",229,184,298,10108,184,"7537",0.00543478260869565,3025,514,"3025514"
"772",228,183,297,7849,183,"7537",0.00546448087431694,3025,514,"3025514"
"773",223,178,292,9843,178,"7537",0.00561797752808989,3025,514,"3025514"
"774",227,182,296,9437,182,"7537",0.00549450549450549,3025,514,"3025514"
"775",223,178,292,7968,178,"7537",0.00561797752808989,3025,514,"3025514"
"776",225,180,294,7763,180,"7537",0.00555555555555556,3025,514,"3025514"
"777",223,178,292,7667,178,"7537",0.00561797752808989,3025,514,"3025514"
"778",226,181,295,10376,181,"7537",0.00552486187845304,3025,514,"3025514"
"779",193,148,262,8266,148,"7537",0.00675675675675676,3025,514,"3025514"
"780",191,146,260,7962,146,"7537",0.00684931506849315,3025,514,"3025514"
"781",189,144,258,9417,144,"7537",0.00694444444444444,3025,514,"3025514"
"782",187,142,256,10162,142,"7537",0.00704225352112676,3025,514,"3025514"
"783",167,122,236,7526,122,"7537",0.00819672131147541,3025,514,"3025514"
"784",180,135,249,8815,135,"7537",0.00740740740740741,3025,514,"3025514"
"785",192,147,261,10648,147,"7537",0.00680272108843537,3026,514,"3026514"
"786",195,150,264,8523,150,"7537",0.00666666666666667,3026,514,"3026514"
"787",212,167,281,9616,167,"7537",0.00598802395209581,3027,514,"3027514"
"788",212,167,281,7319,167,"7537",0.00598802395209581,3027,514,"3027514"
"789",213,168,282,9317,168,"7537",0.00595238095238095,3027,514,"3027514"
"790",218,173,287,10314,173,"7537",0.00578034682080925,3027,514,"3027514"
"791",220,175,289,8141,175,"7537",0.00571428571428571,3027,514,"3027514"
"792",224,179,293,10389,179,"7537",0.00558659217877095,3027,514,"3027514"
"793",219,174,288,8049,174,"7537",0.00574712643678161,3027,514,"3027514"
"794",215,170,284,10178,170,"7537",0.00588235294117647,3027,514,"3027514"
"795",218,173,287,9834,173,"7537",0.00578034682080925,3028,514,"3028514"
"796",217,172,286,10102,172,"7537",0.00581395348837209,3028,514,"3028514"
"797",223,178,292,10240,178,"7537",0.00561797752808989,3028,514,"3028514"
"798",215,170,284,9684,170,"7537",0.00588235294117647,3028,514,"3028514"
"799",182,137,251,7893,137,"7537",0.0072992700729927,3029,514,"3029514"
"800",186,141,255,8257,141,"7537",0.00709219858156028,3029,514,"3029514"
"801",180,135,249,10780,135,"7537",0.00740740740740741,3029,514,"3029514"
"802",190,145,259,7308,145,"7537",0.00689655172413793,3029,514,"3029514"
"803",182,137,251,7215,137,"7537",0.0072992700729927,3029,514,"3029514"
"804",187,142,256,7460,142,"7537",0.00704225352112676,3029,514,"3029514"
"805",223,178,292,9420,178,"7537",0.00561797752808989,3030,514,"3030514"
"806",210,165,279,10851,165,"7537",0.00606060606060606,3030,514,"3030514"
"807",207,162,276,9100,162,"7537",0.00617283950617284,3030,514,"3030514"
"808",210,165,279,10371,165,"7537",0.00606060606060606,3030,514,"3030514"
"809",Inf,Inf,Inf,10644,Inf,"7413",0,3030,514,"3030514"
"810",Inf,Inf,Inf,7457,Inf,"7413",0,3030,514,"3030514"
"811",231,186,300,10372,186,"7537",0.00537634408602151,3030,514,"3030514"
"812",207,162,276,10308,162,"7537",0.00617283950617284,3031,514,"3031514"
"813",205,160,274,8896,160,"7537",0.00625,3031,514,"3031514"
"814",208,163,277,10463,163,"7537",0.00613496932515337,3031,514,"3031514"
"815",204,159,273,7899,159,"7537",0.00628930817610063,3031,514,"3031514"
"816",205,160,274,10031,160,"7537",0.00625,3031,514,"3031514"
"817",180,135,249,10156,135,"7537",0.00740740740740741,3032,514,"3032514"
"818",194,149,263,7380,149,"7537",0.00671140939597315,3033,514,"3033514"
"819",Inf,Inf,Inf,10908,Inf,"7413",0,3032,514,"3032514"
"820",192,147,261,9306,147,"7537",0.00680272108843537,3034,514,"3034514"
"821",Inf,Inf,Inf,10446,Inf,"7413",0,3036,514,"3036514"
"822",Inf,Inf,Inf,8600,Inf,"7413",0,3036,514,"3036514"
"823",Inf,Inf,Inf,8968,Inf,"7413",0,3036,514,"3036514"
"824",Inf,Inf,Inf,10515,Inf,"7413",0,3036,514,"3036514"
"825",207,162,276,7381,162,"7537",0.00617283950617284,3037,514,"3037514"
"826",205,160,274,8674,160,"7537",0.00625,3037,514,"3037514"
"827",Inf,Inf,Inf,9674,Inf,"7413",0,3037,514,"3037514"
"828",198,153,267,10453,153,"7537",0.0065359477124183,3038,514,"3038514"
"829",200,155,269,10845,155,"7537",0.00645161290322581,3037,514,"3037514"
"830",202,157,271,8818,157,"7537",0.00636942675159236,3038,514,"3038514"
"831",195,150,264,9610,150,"7537",0.00666666666666667,3038,514,"3038514"
"832",194,149,263,9730,149,"7537",0.00671140939597315,3038,514,"3038514"
"833",196,151,265,7896,151,"7537",0.00662251655629139,3038,514,"3038514"
"834",212,167,281,9831,167,"7537",0.00598802395209581,3039,514,"3039514"
"835",208,163,277,10853,163,"7537",0.00613496932515337,3039,514,"3039514"
"836",209,164,278,10099,164,"7537",0.00609756097560976,3039,514,"3039514"
"837",213,168,282,7898,168,"7537",0.00595238095238095,3039,514,"3039514"
"838",202,157,271,10164,157,"7537",0.00636942675159236,3039,514,"3039514"
"839",205,160,274,9830,160,"7537",0.00625,3039,514,"3039514"
"840",207,162,276,8476,162,"7537",0.00617283950617284,3039,514,"3039514"
"841",214,169,283,9455,169,"7537",0.00591715976331361,3040,514,"3040514"
"842",219,174,288,7160,174,"7537",0.00574712643678161,3040,514,"3040514"
"843",216,171,285,9454,171,"7537",0.00584795321637427,3040,514,"3040514"
"844",225,180,294,10548,180,"7537",0.00555555555555556,3040,514,"3040514"
"845",229,184,298,10551,184,"7537",0.00543478260869565,3041,514,"3041514"
"846",232,187,301,8160,187,"7537",0.0053475935828877,3041,514,"3041514"
"847",235,190,304,8324,190,"7537",0.00526315789473684,3041,514,"3041514"
"848",236,191,305,8708,191,"7537",0.00523560209424084,3041,514,"3041514"
"849",237,192,306,8166,192,"7537",0.00520833333333333,3041,514,"3041514"
"850",242,197,311,8635,197,"7537",0.0050761421319797,3041,514,"3041514"
"851",238,193,307,8505,193,"7537",0.00518134715025907,3041,514,"3041514"
"852",195,150,264,7675,150,"7537",0.00666666666666667,3042,514,"3042514"
"853",192,147,261,10472,147,"7537",0.00680272108843537,3042,514,"3042514"
"854",189,144,258,8142,144,"7537",0.00694444444444444,3042,514,"3042514"
"855",188,143,257,10531,143,"7537",0.00699300699300699,3042,514,"3042514"
"856",194,149,263,8540,149,"7537",0.00671140939597315,3042,514,"3042514"
"857",188,143,257,8409,143,"7537",0.00699300699300699,3043,514,"3043514"
"858",192,147,261,10107,147,"7537",0.00680272108843537,3043,514,"3043514"
"859",200,155,269,8055,155,"7537",0.00645161290322581,3044,514,"3044514"
"860",198,153,267,9553,153,"7537",0.0065359477124183,3043,514,"3043514"
"861",201,156,270,10397,156,"7537",0.00641025641025641,3044,514,"3044514"
"862",207,162,276,9123,162,"7537",0.00617283950617284,3044,514,"3044514"
"863",205,160,274,7484,160,"7537",0.00625,3045,514,"3045514"
"864",206,161,275,8990,161,"7537",0.0062111801242236,3045,514,"3045514"
"865",208,163,277,8989,163,"7537",0.00613496932515337,3045,514,"3045514"
"866",244,199,313,9144,199,"7537",0.0050251256281407,3046,514,"3046514"
"867",238,193,307,10949,193,"7537",0.00518134715025907,3046,514,"3046514"
"868",232,187,301,7172,187,"7537",0.0053475935828877,3046,514,"3046514"
"869",233,188,302,7920,188,"7537",0.00531914893617021,3046,514,"3046514"
"870",230,185,299,10411,185,"7537",0.00540540540540541,3046,514,"3046514"
"871",240,195,309,10808,195,"7537",0.00512820512820513,3046,514,"3046514"
"872",243,198,312,7704,198,"7537",0.00505050505050505,3046,514,"3046514"
"873",244,199,313,7867,199,"7537",0.0050251256281407,3046,514,"3046514"
"874",249,204,318,9506,204,"7537",0.00490196078431373,3047,514,"3047514"
"875",247,202,316,8856,202,"7537",0.00495049504950495,3047,514,"3047514"
"876",245,200,314,9492,200,"7537",0.005,3047,514,"3047514"
"877",249,204,318,10682,204,"7537",0.00490196078431373,3047,514,"3047514"
"878",250,205,319,9275,205,"7537",0.0048780487804878,3047,514,"3047514"
"879",251,206,320,8224,206,"7537",0.00485436893203883,3047,514,"3047514"
"880",253,208,322,8228,208,"7537",0.00480769230769231,3047,514,"3047514"
"881",255,210,324,8362,210,"7537",0.00476190476190476,3047,514,"3047514"
"882",257,212,326,7270,212,"7537",0.00471698113207547,3047,514,"3047514"
"883",259,214,328,9507,214,"7537",0.00467289719626168,3047,514,"3047514"
"884",281,236,350,8355,236,"7537",0.00423728813559322,3048,514,"3048514"
"885",283,238,352,8644,238,"7537",0.00420168067226891,3048,514,"3048514"
"886",284,239,353,8014,239,"7537",0.00418410041841004,3048,514,"3048514"
"887",286,241,355,9915,241,"7537",0.004149377593361,3048,514,"3048514"
"888",275,230,344,8188,230,"7537",0.00434782608695652,3048,514,"3048514"
"889",279,234,348,7502,234,"7537",0.00427350427350427,3048,514,"3048514"
"890",268,223,337,7430,223,"7537",0.00448430493273543,3048,514,"3048514"
"891",267,222,336,7183,222,"7537",0.0045045045045045,3048,514,"3048514"
"892",263,218,332,8339,218,"7537",0.00458715596330275,3048,514,"3048514"
"893",261,216,330,7936,216,"7537",0.00462962962962963,3048,514,"3048514"
"894",260,215,329,10420,215,"7537",0.00465116279069767,3048,514,"3048514"
"895",259,214,328,10274,214,"7537",0.00467289719626168,3048,514,"3048514"
"896",257,212,326,7273,212,"7537",0.00471698113207547,3048,514,"3048514"
"897",Inf,Inf,Inf,9280,Inf,"7413",0,3048,514,"3048514"
"898",278,233,347,10752,233,"7537",0.00429184549356223,3048,514,"3048514"
"899",274,229,343,10754,229,"7537",0.00436681222707424,3048,514,"3048514"
"900",254,209,323,10958,209,"7537",0.00478468899521531,3048,514,"3048514"
"901",253,208,322,8089,208,"7537",0.00480769230769231,3048,514,"3048514"
"902",250,205,319,10206,205,"7537",0.0048780487804878,3048,514,"3048514"
"903",245,200,314,9491,200,"7537",0.005,3048,514,"3048514"
"904",273,228,342,9919,228,"7537",0.0043859649122807,3049,514,"3049514"
"905",269,224,338,10818,224,"7537",0.00446428571428571,3049,514,"3049514"
"906",268,223,337,8186,223,"7537",0.00448430493273543,3049,514,"3049514"
"907",256,211,325,10686,211,"7537",0.004739336492891,3049,514,"3049514"
"908",257,212,326,10486,212,"7537",0.00471698113207547,3049,514,"3049514"
"909",259,214,328,8513,214,"7537",0.00467289719626168,3049,514,"3049514"
"910",263,218,332,10751,218,"7537",0.00458715596330275,3049,514,"3049514"
"911",267,222,336,7274,222,"7537",0.0045045045045045,3049,514,"3049514"
"912",269,224,338,7184,224,"7537",0.00446428571428571,3049,514,"3049514"
"913",271,226,340,8012,226,"7537",0.00442477876106195,3049,514,"3049514"
"914",272,227,341,8792,227,"7537",0.00440528634361234,3049,514,"3049514"
"915",274,229,343,8097,229,"7537",0.00436681222707424,3049,514,"3049514"
"916",280,235,349,7720,235,"7537",0.00425531914893617,3049,514,"3049514"
"917",257,212,326,8436,212,"7537",0.00471698113207547,3050,514,"3050514"
"918",250,205,319,9066,205,"7537",0.0048780487804878,3050,514,"3050514"
"919",253,208,322,7347,208,"7537",0.00480769230769231,3050,514,"3050514"
"920",254,209,323,9648,209,"7537",0.00478468899521531,3050,514,"3050514"
"921",256,211,325,7500,211,"7537",0.004739336492891,3050,514,"3050514"
"922",257,212,326,10561,212,"7537",0.00471698113207547,3050,514,"3050514"
"923",259,214,328,10335,214,"7537",0.00467289719626168,3050,514,"3050514"
"924",261,216,330,7811,216,"7537",0.00462962962962963,3050,514,"3050514"
"925",263,218,332,9216,218,"7537",0.00458715596330275,3050,514,"3050514"
"926",245,200,314,9645,200,"7537",0.005,3050,514,"3050514"
"927",247,202,316,7579,202,"7537",0.00495049504950495,3050,514,"3050514"
"928",245,200,314,8352,200,"7537",0.005,3050,514,"3050514"
"929",244,199,313,7925,199,"7537",0.0050251256281407,3050,514,"3050514"
"930",243,198,312,10621,198,"7537",0.00505050505050505,3050,514,"3050514"
"931",235,190,304,8777,190,"7537",0.00526315789473684,3050,514,"3050514"
"932",241,196,310,8002,196,"7537",0.00510204081632653,3050,514,"3050514"
"933",236,191,305,9206,191,"7537",0.00523560209424084,3050,514,"3050514"
"934",239,194,308,10746,194,"7537",0.00515463917525773,3050,514,"3050514"
"935",289,244,358,10341,244,"7537",0.00409836065573771,3051,514,"3051514"
"936",287,242,356,10960,242,"7537",0.00413223140495868,3051,514,"3051514"
"937",288,243,357,10492,243,"7537",0.00411522633744856,3051,514,"3051514"
"938",290,245,359,9918,245,"7537",0.00408163265306122,3051,514,"3051514"
"939",287,242,356,9154,242,"7537",0.00413223140495868,3051,514,"3051514"
"940",284,239,353,9992,239,"7537",0.00418410041841004,3051,514,"3051514"
"941",280,235,349,10269,235,"7537",0.00425531914893617,3051,514,"3051514"
"942",276,231,345,9653,231,"7537",0.00432900432900433,3051,514,"3051514"
"943",273,228,342,10061,228,"7537",0.0043859649122807,3051,514,"3051514"
"944",279,234,348,8718,234,"7537",0.00427350427350427,3051,514,"3051514"
"945",277,232,346,7182,232,"7537",0.00431034482758621,3051,514,"3051514"
"946",282,237,351,9914,237,"7537",0.00421940928270042,3051,514,"3051514"
"947",286,241,355,9995,241,"7537",0.004149377593361,3051,514,"3051514"
"948",284,239,353,8574,239,"7537",0.00418410041841004,3051,514,"3051514"
"949",288,243,357,8575,243,"7537",0.00411522633744856,3051,514,"3051514"
"950",272,227,341,9218,227,"7537",0.00440528634361234,3052,514,"3052514"
"951",267,222,336,9510,222,"7537",0.0045045045045045,3052,514,"3052514"
"952",259,214,328,9503,214,"7537",0.00467289719626168,3052,514,"3052514"
"953",257,212,326,9894,212,"7537",0.00471698113207547,3052,514,"3052514"
"954",261,216,330,8855,216,"7537",0.00462962962962963,3052,514,"3052514"
"955",264,219,333,8715,219,"7537",0.0045662100456621,3052,514,"3052514"
"956",263,218,332,10556,218,"7537",0.00458715596330275,3052,514,"3052514"
"957",273,228,342,10485,228,"7537",0.0043859649122807,3052,514,"3052514"
"958",275,230,344,10814,230,"7537",0.00434782608695652,3052,514,"3052514"
"959",280,235,349,8514,235,"7537",0.00425531914893617,3052,514,"3052514"
"960",276,231,345,10813,231,"7537",0.00432900432900433,3052,514,"3052514"
"961",278,233,347,9577,233,"7537",0.00429184549356223,3052,514,"3052514"
"962",282,237,351,9991,237,"7537",0.00421940928270042,3052,514,"3052514"
"963",287,242,356,9917,242,"7537",0.00413223140495868,3052,514,"3052514"
"964",286,241,355,8938,241,"7537",0.004149377593361,3052,514,"3052514"
"965",289,244,358,9993,244,"7537",0.00409836065573771,3052,514,"3052514"
"966",288,243,357,8942,243,"7537",0.00411522633744856,3052,514,"3052514"
"967",290,245,359,10065,245,"7537",0.00408163265306122,3052,514,"3052514"
"968",283,238,352,9072,238,"7537",0.00420168067226891,3052,514,"3052514"
"969",217,172,286,8318,172,"7537",0.00581395348837209,3054,514,"3054514"
"970",237,192,306,10941,192,"7537",0.00520833333333333,3054,514,"3054514"
"971",238,193,307,7859,193,"7537",0.00518134715025907,3054,514,"3054514"
"972",219,174,288,7985,174,"7537",0.00574712643678161,3054,514,"3054514"
"973",226,181,295,8330,181,"7537",0.00552486187845304,3054,514,"3054514"
"974",224,179,293,7685,179,"7537",0.00558659217877095,3054,514,"3054514"
"975",227,182,296,9337,182,"7537",0.00549450549450549,3054,514,"3054514"
"976",229,184,298,10188,184,"7537",0.00543478260869565,3054,514,"3054514"
"977",231,186,300,10047,186,"7537",0.00537634408602151,3054,514,"3054514"
"978",233,188,302,9478,188,"7537",0.00531914893617021,3054,514,"3054514"
"979",223,178,292,7988,178,"7537",0.00561797752808989,3054,514,"3054514"
"980",215,170,284,9878,170,"7537",0.00588235294117647,3054,514,"3054514"
"981",198,153,267,10470,153,"7537",0.0065359477124183,3056,514,"3056514"
"982",205,160,274,9959,160,"7537",0.00625,3056,514,"3056514"
"983",208,163,277,9188,163,"7537",0.00613496932515337,3056,514,"3056514"
"984",207,162,276,7150,162,"7537",0.00617283950617284,3056,514,"3056514"
"985",209,164,278,10860,164,"7537",0.00609756097560976,3056,514,"3056514"
"986",198,153,267,7977,153,"7537",0.0065359477124183,3057,514,"3057514"
"987",199,154,268,8309,154,"7537",0.00649350649350649,3057,514,"3057514"
"988",203,158,272,10393,158,"7537",0.00632911392405063,3057,514,"3057514"
"989",209,164,278,10789,164,"7537",0.00609756097560976,3057,514,"3057514"
"990",203,158,272,8830,158,"7537",0.00632911392405063,3057,514,"3057514"
"991",190,145,259,8613,145,"7537",0.00689655172413793,3058,514,"3058514"
"992",188,143,257,8612,143,"7537",0.00699300699300699,3058,514,"3058514"
"993",185,140,254,7671,140,"7537",0.00714285714285714,3058,514,"3058514"
"994",187,142,256,7672,142,"7537",0.00704225352112676,3058,514,"3058514"
"995",189,144,258,9111,144,"7537",0.00694444444444444,3058,514,"3058514"
"996",239,194,308,7792,194,"7537",0.00515463917525773,3059,514,"3059514"
"997",229,184,298,10403,184,"7537",0.00543478260869565,3059,514,"3059514"
"998",233,188,302,8698,188,"7537",0.00531914893617021,3059,514,"3059514"
"999",230,185,299,7164,185,"7537",0.00540540540540541,3059,514,"3059514"
"1000",226,181,295,8628,181,"7537",0.00552486187845304,3059,514,"3059514"
"1001",254,209,323,8168,209,"7537",0.00478468899521531,3060,514,"3060514"
"1002",254,209,323,8785,209,"7537",0.00478468899521531,3060,514,"3060514"
"1003",243,198,312,10805,198,"7537",0.00505050505050505,3060,514,"3060514"
"1004",249,204,318,8220,204,"7537",0.00490196078431373,3060,514,"3060514"
"1005",248,203,317,10415,203,"7537",0.00492610837438424,3060,514,"3060514"
"1006",246,201,315,8005,201,"7537",0.00497512437810945,3060,514,"3060514"
"1007",244,199,313,7800,199,"7537",0.0050251256281407,3060,514,"3060514"
"1008",242,197,311,7701,197,"7537",0.0050761421319797,3060,514,"3060514"
"1009",238,193,307,7998,193,"7537",0.00518134715025907,3060,514,"3060514"
"1010",240,195,309,10617,195,"7537",0.00512820512820513,3060,514,"3060514"
"1011",238,193,307,8504,193,"7537",0.00518134715025907,3060,514,"3060514"
"1012",251,206,320,7870,206,"7537",0.00485436893203883,3061,514,"3061514"
"1013",249,204,318,9003,204,"7537",0.00490196078431373,3061,514,"3061514"
"1014",239,194,308,10549,194,"7537",0.00515463917525773,3061,514,"3061514"
"1015",247,202,316,9641,202,"7537",0.00495049504950495,3061,514,"3061514"
"1016",252,207,321,8928,207,"7537",0.00483091787439614,3061,514,"3061514"
"1017",255,210,324,10330,210,"7537",0.00476190476190476,3061,514,"3061514"
"1018",258,213,327,9211,213,"7537",0.00469483568075117,3061,514,"3061514"
"1019",232,187,301,7994,187,"7537",0.0053475935828877,3062,514,"3062514"
"1020",230,185,299,10321,185,"7537",0.00540540540540541,3062,514,"3062514"
"1021",232,187,301,8768,187,"7537",0.0053475935828877,3062,514,"3062514"
"1022",241,196,310,7635,196,"7537",0.00510204081632653,3062,514,"3062514"
"1023",244,199,313,10408,199,"7537",0.0050251256281407,3062,514,"3062514"
"1024",246,201,315,9760,201,"7537",0.00497512437810945,3062,514,"3062514"
"1025",245,200,314,9477,200,"7537",0.005,3062,514,"3062514"
"1026",258,213,327,8637,213,"7537",0.00469483568075117,3063,514,"3063514"
"1027",262,217,331,9489,217,"7537",0.00460829493087558,3063,514,"3063514"
"1028",264,219,333,10204,219,"7537",0.0045662100456621,3063,514,"3063514"
"1029",263,218,332,8222,218,"7537",0.00458715596330275,3063,514,"3063514"
"1030",265,220,334,7871,220,"7537",0.00454545454545455,3063,514,"3063514"
"1031",266,221,335,9575,221,"7537",0.00452488687782805,3063,514,"3063514"
"1032",267,222,336,7348,222,"7537",0.0045045045045045,3063,514,"3063514"
"1033",269,224,338,8358,224,"7537",0.00446428571428571,3063,514,"3063514"
"1034",271,226,340,8643,226,"7537",0.00442477876106195,3063,514,"3063514"
"1035",280,235,349,8860,235,"7537",0.00425531914893617,3063,514,"3063514"
"1036",284,239,353,9704,239,"7537",0.00418410041841004,3063,514,"3063514"
"1037",286,241,355,7586,241,"7537",0.004149377593361,3063,514,"3063514"
"1038",287,242,356,10066,242,"7537",0.00413223140495868,3063,514,"3063514"
"1039",289,244,358,10567,244,"7537",0.00409836065573771,3063,514,"3063514"
"1040",253,208,322,9567,208,"7537",0.00480769230769231,3063,514,"3063514"
"1041",251,206,320,7702,206,"7537",0.00485436893203883,3063,514,"3063514"
"1042",246,201,315,8422,201,"7537",0.00497512437810945,3063,514,"3063514"
"1043",244,199,313,7168,199,"7537",0.0050251256281407,3063,514,"3063514"
"1044",243,198,312,7860,198,"7537",0.00505050505050505,3063,514,"3063514"
"1045",242,197,311,8071,197,"7537",0.0050761421319797,3063,514,"3063514"
"1046",258,213,327,10259,213,"7537",0.00469483568075117,3063,514,"3063514"
"1047",255,210,324,10412,210,"7537",0.00476190476190476,3063,514,"3063514"
"1048",252,207,321,10049,207,"7537",0.00483091787439614,3063,514,"3063514"
"1049",221,176,290,10116,176,"7537",0.00568181818181818,3064,514,"3064514"
"1050",219,174,288,7634,174,"7537",0.00574712643678161,3064,514,"3064514"
"1051",223,178,292,10402,178,"7537",0.00561797752808989,3064,514,"3064514"
"1052",224,179,293,10863,179,"7537",0.00558659217877095,3064,514,"3064514"
"1053",226,181,295,9635,181,"7537",0.00552486187845304,3064,514,"3064514"
"1054",228,183,297,9131,183,"7537",0.00546448087431694,3064,514,"3064514"
"1055",229,184,298,9871,184,"7537",0.00543478260869565,3064,514,"3064514"
"1056",232,187,301,10125,187,"7537",0.0053475935828877,3064,514,"3064514"
"1057",208,163,277,9628,163,"7537",0.00613496932515337,3066,514,"3066514"
"1058",105,152,43,9406,43,"9689",0.0232558139534884,1008,516,"1008516"
"1059",103,150,41,8518,41,"9689",0.024390243902439,1008,516,"1008516"
"1060",97,144,36,8521,36,"9689",0.0277777777777778,1008,516,"1008516"
"1061",100,147,38,7892,38,"9689",0.0263157894736842,1008,516,"1008516"
"1062",Inf,Inf,Inf,7135,Inf,"7413",0,1008,516,"1008516"
"1063",106,153,47,10158,47,"9689",0.0212765957446809,1008,516,"1008516"
"1064",102,149,43,8191,43,"9689",0.0232558139534884,1008,516,"1008516"
"1065",101,148,42,7453,42,"9689",0.0238095238095238,1009,516,"1009516"
"1066",105,152,48,7298,48,"9689",0.0208333333333333,1009,516,"1009516"
"1067",Inf,Inf,Inf,9938,Inf,"7413",0,1011,516,"1011516"
"1068",Inf,Inf,Inf,8808,Inf,"7413",0,1011,516,"1011516"
"1069",Inf,Inf,Inf,10144,Inf,"7413",0,1012,516,"1012516"
"1070",Inf,Inf,Inf,10833,Inf,"7413",0,1013,516,"1013516"
"1071",Inf,Inf,Inf,9388,Inf,"7413",0,1014,516,"1014516"
"1072",Inf,Inf,Inf,9716,Inf,"7413",0,1015,516,"1015516"
"1073",Inf,Inf,Inf,7291,Inf,"7413",0,1015,516,"1015516"
"1074",Inf,Inf,Inf,10361,Inf,"7413",0,1015,516,"1015516"
"1075",Inf,Inf,Inf,10432,Inf,"7413",0,1015,516,"1015516"
"1076",Inf,Inf,Inf,8025,Inf,"7413",0,1015,516,"1015516"
"1077",Inf,Inf,Inf,10145,Inf,"7413",0,1015,516,"1015516"
"1078",Inf,Inf,Inf,9087,Inf,"7413",0,1015,516,"1015516"
"1079",Inf,Inf,Inf,8178,Inf,"7413",0,1015,516,"1015516"
"1080",Inf,Inf,Inf,8662,Inf,"7413",0,1016,516,"1016516"
"1081",104,151,48,10840,48,"9689",0.0208333333333333,1017,516,"1017516"
"1082",98,145,42,10298,42,"9689",0.0238095238095238,1017,516,"1017516"
"1083",91,138,35,7297,35,"9689",0.0285714285714286,1017,516,"1017516"
"1084",Inf,Inf,Inf,9940,Inf,"7413",0,1017,516,"1017516"
"1085",Inf,Inf,Inf,9721,Inf,"7413",0,1017,516,"1017516"
"1086",Inf,Inf,Inf,10640,Inf,"7413",0,1017,516,"1017516"
"1087",Inf,Inf,Inf,7827,Inf,"7413",0,1017,516,"1017516"
"1088",Inf,Inf,Inf,10092,Inf,"7413",0,1017,516,"1017516"
"1089",Inf,Inf,Inf,9395,Inf,"7413",0,1017,516,"1017516"
"1090",Inf,Inf,Inf,7654,Inf,"7413",0,1017,516,"1017516"
"1091",Inf,Inf,Inf,10011,Inf,"7413",0,1017,516,"1017516"
"1092",Inf,Inf,Inf,9530,Inf,"7413",0,1017,516,"1017516"
"1093",Inf,Inf,Inf,7747,Inf,"7413",0,1017,516,"1017516"
"1094",94,141,36,7302,36,"9689",0.0277777777777778,1018,516,"1018516"
"1095",91,138,33,10159,33,"9689",0.0303030303030303,1018,516,"1018516"
"1096",88,135,30,8395,30,"9689",0.0333333333333333,1018,516,"1018516"
"1097",86,133,28,9676,28,"9689",0.0357142857142857,1018,516,"1018516"
"1098",100,147,44,9403,44,"9689",0.0227272727272727,1018,516,"1018516"
"1099",99,146,43,9236,43,"9689",0.0232558139534884,1018,516,"1018516"
"1100",94,141,38,8814,38,"9689",0.0263157894736842,1018,516,"1018516"
"1101",95,142,39,9412,39,"9689",0.0256410256410256,1018,516,"1018516"
"1102",91,138,35,9027,35,"9689",0.0285714285714286,1018,516,"1018516"
"1103",88,135,32,7531,32,"9689",0.03125,1018,516,"1018516"
"1104",86,133,29,10299,29,"9689",0.0344827586206897,1018,516,"1018516"
"1105",89,136,28,8118,28,"9689",0.0357142857142857,1019,516,"1019516"
"1106",88,135,27,8677,27,"9689",0.037037037037037,1019,516,"1019516"
"1107",82,129,21,7462,21,"9689",0.0476190476190476,1019,516,"1019516"
"1108",94,141,36,9180,36,"9689",0.0277777777777778,1019,516,"1019516"
"1109",95,142,37,9239,37,"9689",0.027027027027027,1019,516,"1019516"
"1110",92,139,34,7383,34,"9689",0.0294117647058824,1019,516,"1019516"
"1111",91,138,33,7382,33,"9689",0.0303030303030303,1019,516,"1019516"
"1112",84,131,26,9729,26,"9689",0.0384615384615385,1019,516,"1019516"
"1113",73,120,23,10024,23,"9689",0.0434782608695652,1020,516,"1020516"
"1114",71,118,25,8820,25,"9689",0.04,1020,516,"1020516"
"1115",69,116,27,10455,27,"9689",0.037037037037037,1020,516,"1020516"
"1116",68,115,28,10097,28,"9689",0.0357142857142857,1020,516,"1020516"
"1117",83,130,23,8473,23,"9689",0.0434782608695652,1020,516,"1020516"
"1118",79,126,27,9407,27,"9689",0.037037037037037,1020,516,"1020516"
"1119",79,126,27,10302,27,"9689",0.037037037037037,1020,516,"1020516"
"1120",76,123,30,8971,30,"9689",0.0333333333333333,1020,516,"1020516"
"1121",74,121,32,10019,32,"9689",0.03125,1020,516,"1020516"
"1122",73,120,33,10450,33,"9689",0.0303030303030303,1020,516,"1020516"
"1123",71,118,35,9243,35,"9689",0.0285714285714286,1020,516,"1020516"
"1124",64,111,32,10526,32,"9689",0.03125,1020,516,"1020516"
"1125",65,112,37,7465,37,"9689",0.027027027027027,1020,516,"1020516"
"1126",66,113,38,7605,38,"9689",0.0263157894736842,1020,516,"1020516"
"1127",69,116,37,9611,37,"9689",0.027027027027027,1020,516,"1020516"
"1128",Inf,Inf,Inf,8388,Inf,"7413",0,1024,516,"1024516"
"1129",Inf,Inf,Inf,7532,Inf,"7413",0,1025,516,"1025516"
"1130",Inf,Inf,Inf,7451,Inf,"7413",0,1025,516,"1025516"
"1131",77,124,46,7533,46,"9689",0.0217391304347826,1025,516,"1025516"
"1132",60,107,46,8817,46,"9689",0.0217391304347826,1026,516,"1026516"
"1133",63,110,43,10448,43,"9689",0.0232558139534884,1026,516,"1026516"
"1134",64,111,42,10917,42,"9689",0.0238095238095238,1027,516,"1027516"
"1135",61,108,45,9817,45,"9689",0.0222222222222222,1027,516,"1027516"
"1136",62,109,44,10915,44,"9689",0.0227272727272727,1027,516,"1027516"
"1137",59,106,47,7536,47,"9689",0.0212765957446809,1027,516,"1027516"
"1138",53,100,44,10305,44,"9689",0.0227272727272727,1027,516,"1027516"
"1139",54,101,43,10524,43,"9689",0.0232558139534884,1027,516,"1027516"
"1140",56,103,41,8972,41,"9689",0.024390243902439,1027,516,"1027516"
"1141",60,107,37,10717,37,"9689",0.027027027027027,1027,516,"1027516"
"1142",Inf,Inf,Inf,7917,Inf,"7413",0,2002,516,"2002516"
"1143",Inf,Inf,Inf,8550,Inf,"7413",0,2002,516,"2002516"
"1144",Inf,Inf,Inf,8419,Inf,"7413",0,2002,516,"2002516"
"1145",Inf,Inf,Inf,8841,Inf,"7413",0,2002,516,"2002516"
"1146",Inf,Inf,Inf,10542,Inf,"7413",0,2002,516,"2002516"
"1147",Inf,Inf,Inf,10938,Inf,"7413",0,2002,516,"2002516"
"1148",Inf,Inf,Inf,10865,Inf,"7413",0,2002,516,"2002516"
"1149",Inf,Inf,Inf,9754,Inf,"7413",0,2002,516,"2002516"
"1150",Inf,Inf,Inf,7688,Inf,"7413",0,2002,516,"2002516"
"1151",Inf,Inf,Inf,9049,Inf,"7413",0,2002,516,"2002516"
"1152",Inf,Inf,Inf,7252,Inf,"7413",0,2002,516,"2002516"
"1153",Inf,Inf,Inf,9637,Inf,"7413",0,2002,516,"2002516"
"1154",Inf,Inf,Inf,10323,Inf,"7413",0,2002,516,"2002516"
"1155",Inf,Inf,Inf,9203,Inf,"7413",0,2002,516,"2002516"
"1156",Inf,Inf,Inf,9471,Inf,"7413",0,2002,516,"2002516"
"1157",Inf,Inf,Inf,7979,Inf,"7413",0,2003,516,"2003516"
"1158",Inf,Inf,Inf,10180,Inf,"7413",0,2003,516,"2003516"
"1159",Inf,Inf,Inf,9264,Inf,"7413",0,2004,516,"2004516"
"1160",Inf,Inf,Inf,9759,Inf,"7413",0,2004,516,"2004516"
"1161",Inf,Inf,Inf,9968,Inf,"7413",0,2004,516,"2004516"
"1162",Inf,Inf,Inf,9755,Inf,"7413",0,2004,516,"2004516"
"1163",Inf,Inf,Inf,10792,Inf,"7413",0,2004,516,"2004516"
"1164",Inf,Inf,Inf,8624,Inf,"7413",0,2004,516,"2004516"
"1165",Inf,Inf,Inf,10668,Inf,"7413",0,2004,516,"2004516"
"1166",Inf,Inf,Inf,8843,Inf,"7413",0,2004,516,"2004516"
"1167",Inf,Inf,Inf,7803,Inf,"7413",0,2005,516,"2005516"
"1168",Inf,Inf,Inf,10327,Inf,"7413",0,2005,516,"2005516"
"1169",Inf,Inf,Inf,8998,Inf,"7413",0,2005,516,"2005516"
"1170",Inf,Inf,Inf,9267,Inf,"7413",0,2005,516,"2005516"
"1171",Inf,Inf,Inf,7699,Inf,"7413",0,2005,516,"2005516"
"1172",Inf,Inf,Inf,7862,Inf,"7413",0,2005,516,"2005516"
"1173",Inf,Inf,Inf,8078,Inf,"7413",0,2005,516,"2005516"
"1174",Inf,Inf,Inf,9892,Inf,"7413",0,2005,516,"2005516"
"1175",Inf,Inf,Inf,7343,Inf,"7413",0,2005,516,"2005516"
"1176",Inf,Inf,Inf,10618,Inf,"7413",0,2005,516,"2005516"
"1177",Inf,Inf,Inf,8001,Inf,"7413",0,2005,516,"2005516"
"1178",Inf,Inf,Inf,10675,Inf,"7413",0,2005,516,"2005516"
"1179",Inf,Inf,Inf,10622,Inf,"7413",0,2005,516,"2005516"
"1180",83,130,59,7426,59,"9689",0.0169491525423729,2006,516,"2006516"
"1181",82,129,58,9481,58,"9689",0.0172413793103448,2006,516,"2006516"
"1182",84,131,60,8427,60,"9689",0.0166666666666667,2006,516,"2006516"
"1183",85,132,61,8351,61,"9689",0.0163934426229508,2006,516,"2006516"
"1184",76,123,52,8776,52,"9689",0.0192307692307692,2007,516,"2007516"
"1185",77,124,53,10196,53,"9689",0.0188679245283019,2007,516,"2007516"
"1186",79,126,55,8214,55,"9689",0.0181818181818182,2007,516,"2007516"
"1187",81,128,57,10944,57,"9689",0.0175438596491228,2007,516,"2007516"
"1188",85,132,61,8926,61,"9689",0.0163934426229508,2007,516,"2007516"
"1189",Inf,Inf,Inf,7261,Inf,"7413",0,2007,516,"2007516"
"1190",74,121,50,10801,50,"9689",0.02,2008,516,"2008516"
"1191",82,129,58,9476,58,"9689",0.0172413793103448,2007,516,"2007516"
"1192",76,123,52,7858,52,"9689",0.0192307692307692,2008,516,"2008516"
"1193",80,127,56,8070,56,"9689",0.0178571428571429,2008,516,"2008516"
"1194",78,125,54,7696,54,"9689",0.0185185185185185,2008,516,"2008516"
"1195",81,128,44,9867,44,"9689",0.0227272727272727,2009,516,"2009516"
"1196",85,132,52,8150,52,"9689",0.0192307692307692,2009,516,"2009516"
"1197",87,134,54,9558,54,"9689",0.0185185185185185,2009,516,"2009516"
"1198",83,130,42,7492,42,"9689",0.0238095238095238,2009,516,"2009516"
"1199",90,137,45,7690,45,"9689",0.0222222222222222,2009,516,"2009516"
"1200",Inf,Inf,Inf,8332,Inf,"7413",0,2009,516,"2009516"
"1201",91,138,46,9196,46,"9689",0.0217391304347826,2009,516,"2009516"
"1202",93,140,48,10045,48,"9689",0.0208333333333333,2009,516,"2009516"
"1203",93,140,36,8317,36,"9689",0.0277777777777778,2010,516,"2010516"
"1204",86,133,41,8210,41,"9689",0.024390243902439,2010,516,"2010516"
"1205",94,141,37,9046,37,"9689",0.027027027027027,2010,516,"2010516"
"1206",96,143,39,10400,39,"9689",0.0256410256410256,2010,516,"2010516"
"1207",Inf,Inf,Inf,9634,Inf,"7413",0,2009,516,"2009516"
"1208",Inf,Inf,Inf,7785,Inf,"7413",0,2010,516,"2010516"
"1209",92,139,47,7490,47,"9689",0.0212765957446809,2010,516,"2010516"
"1210",91,138,46,8415,46,"9689",0.0217391304347826,2010,516,"2010516"
"1211",89,136,44,8838,44,"9689",0.0227272727272727,2010,516,"2010516"
"1212",88,135,43,8912,43,"9689",0.0232558139534884,2010,516,"2010516"
"1213",98,145,31,10662,31,"9689",0.032258064516129,2011,516,"2011516"
"1214",103,150,36,7676,36,"9689",0.0277777777777778,2011,516,"2011516"
"1215",Inf,Inf,Inf,8279,Inf,"7413",0,2011,516,"2011516"
"1216",Inf,Inf,Inf,8053,Inf,"7413",0,2011,516,"2011516"
"1217",98,145,41,10109,41,"9689",0.024390243902439,2011,516,"2011516"
"1218",Inf,Inf,Inf,7406,Inf,"7413",0,2011,516,"2011516"
"1219",Inf,Inf,Inf,10038,Inf,"7413",0,2011,516,"2011516"
"1220",96,143,39,10039,39,"9689",0.0256410256410256,2011,516,"2011516"
"1221",95,142,38,8545,38,"9689",0.0263157894736842,2011,516,"2011516"
"1222",94,141,37,9625,37,"9689",0.027027027027027,2011,516,"2011516"
"1223",92,139,25,8537,25,"9689",0.04,2012,516,"2012516"
"1224",101,148,34,9039,34,"9689",0.0294117647058824,2012,516,"2012516"
"1225",Inf,Inf,Inf,7240,Inf,"7413",0,2012,516,"2012516"
"1226",97,144,30,8538,30,"9689",0.0333333333333333,2012,516,"2012516"
"1227",Inf,Inf,Inf,8140,Inf,"7413",0,2012,516,"2012516"
"1228",Inf,Inf,Inf,10243,Inf,"7413",0,2012,516,"2012516"
"1229",90,137,23,8978,23,"9689",0.0434782608695652,2012,516,"2012516"
"1230",94,141,27,9957,27,"9689",0.037037037037037,2012,516,"2012516"
"1231",93,140,26,7145,26,"9689",0.0384615384615385,2012,516,"2012516"
"1232",89,136,22,9429,22,"9689",0.0454545454545455,2013,516,"2013516"
"1233",90,137,23,8902,23,"9689",0.0434782608695652,2013,516,"2013516"
"1234",Inf,Inf,Inf,8753,Inf,"7413",0,2013,516,"2013516"
"1235",Inf,Inf,Inf,9835,Inf,"7413",0,2013,516,"2013516"
"1236",Inf,Inf,Inf,9683,Inf,"7413",0,2013,516,"2013516"
"1237",Inf,Inf,Inf,7668,Inf,"7413",0,2013,516,"2013516"
"1238",Inf,Inf,Inf,7469,Inf,"7413",0,2013,516,"2013516"
"1239",98,145,29,8682,29,"9689",0.0344827586206897,2013,516,"2013516"
"1240",73,120,49,8706,49,"9689",0.0204081632653061,2016,516,"2016516"
"1241",69,116,45,9340,45,"9689",0.0222222222222222,2016,516,"2016516"
"1242",68,115,44,7793,44,"9689",0.0227272727272727,2017,516,"2017516"
"1243",69,116,42,10800,42,"9689",0.0238095238095238,2017,516,"2017516"
"1244",73,120,38,10117,38,"9689",0.0263157894736842,2017,516,"2017516"
"1245",74,121,37,10115,37,"9689",0.027027027027027,2017,516,"2017516"
"1246",75,122,36,10670,36,"9689",0.0277777777777778,2017,516,"2017516"
"1247",76,123,35,9459,35,"9689",0.0285714285714286,2017,516,"2017516"
"1248",79,126,32,7787,32,"9689",0.03125,2017,516,"2017516"
"1249",80,127,31,7850,31,"9689",0.032258064516129,2017,516,"2017516"
"1250",84,131,27,10041,27,"9689",0.037037037037037,2017,516,"2017516"
"1251",85,132,26,9449,26,"9689",0.0384615384615385,2017,516,"2017516"
"1252",87,134,24,7153,24,"9689",0.0416666666666667,2017,516,"2017516"
"1253",91,138,25,8984,25,"9689",0.04,2017,516,"2017516"
"1254",89,136,36,10185,36,"9689",0.0277777777777778,2017,516,"2017516"
"1255",85,132,40,10797,40,"9689",0.025,2017,516,"2017516"
"1256",83,130,42,8915,42,"9689",0.0238095238095238,2017,516,"2017516"
"1257",80,127,45,7855,45,"9689",0.0222222222222222,2017,516,"2017516"
"1258",75,122,8,9750,8,"9689",0.125,2018,516,"2018516"
"1259",81,128,14,9847,14,"9689",0.0714285714285714,2018,516,"2018516"
"1260",82,129,16,8617,16,"9689",0.0625,2018,516,"2018516"
"1261",84,131,18,10932,18,"9689",0.0555555555555556,2018,516,"2018516"
"1262",85,132,19,7845,19,"9689",0.0526315789473684,2018,516,"2018516"
"1263",91,138,25,8759,25,"9689",0.04,2018,516,"2018516"
"1264",91,138,25,10036,25,"9689",0.04,2018,516,"2018516"
"1265",86,133,19,10788,19,"9689",0.0526315789473684,2018,516,"2018516"
"1266",85,132,18,8047,18,"9689",0.0555555555555556,2018,516,"2018516"
"1267",83,130,16,7555,16,"9689",0.0625,2018,516,"2018516"
"1268",82,129,15,7239,15,"9689",0.0666666666666667,2018,516,"2018516"
"1269",81,128,14,7477,14,"9689",0.0714285714285714,2018,516,"2018516"
"1270",80,127,13,7776,13,"9689",0.0769230769230769,2018,516,"2018516"
"1271",79,126,12,7324,12,"9689",0.0833333333333333,2018,516,"2018516"
"1272",78,125,11,8410,11,"9689",0.0909090909090909,2018,516,"2018516"
"1273",77,124,10,7400,10,"9689",0.1,2018,516,"2018516"
"1274",75,122,8,7843,8,"9689",0.125,2018,516,"2018516"
"1275",74,121,7,10392,7,"9689",0.142857142857143,2018,516,"2018516"
"1276",72,119,5,10181,5,"9689",0.2,2018,516,"2018516"
"1277",76,123,9,10927,9,"9689",0.111111111111111,2019,516,"2019516"
"1278",79,126,12,8046,12,"9689",0.0833333333333333,2019,516,"2019516"
"1279",81,128,14,9745,14,"9689",0.0714285714285714,2019,516,"2019516"
"1280",89,136,22,8045,22,"9689",0.0454545454545455,2019,516,"2019516"
"1281",92,139,24,7839,24,"9689",0.0416666666666667,2019,516,"2019516"
"1282",85,132,18,9956,18,"9689",0.0555555555555556,2019,516,"2019516"
"1283",89,136,20,8135,20,"9689",0.05,2019,516,"2019516"
"1284",87,134,18,7395,18,"9689",0.0555555555555556,2019,516,"2019516"
"1285",85,132,16,7614,16,"9689",0.0625,2019,516,"2019516"
"1286",86,133,17,10467,17,"9689",0.0588235294117647,2019,516,"2019516"
"1287",84,131,15,7972,15,"9689",0.0666666666666667,2019,516,"2019516"
"1288",83,130,14,7773,14,"9689",0.0714285714285714,2019,516,"2019516"
"1289",79,126,10,9541,10,"9689",0.1,2019,516,"2019516"
"1290",77,124,8,7552,8,"9689",0.125,2019,516,"2019516"
"1291",78,125,9,8977,9,"9689",0.111111111111111,2019,516,"2019516"
"1292",78,125,9,10464,9,"9689",0.111111111111111,2020,516,"2020516"
"1293",82,129,13,10032,13,"9689",0.0769230769230769,2020,516,"2020516"
"1294",88,135,19,7768,19,"9689",0.0526315789473684,2020,516,"2020516"
"1295",89,136,20,9105,20,"9689",0.05,2020,516,"2020516"
"1296",94,141,27,10237,27,"9689",0.037037037037037,2020,516,"2020516"
"1297",91,138,27,8127,27,"9689",0.037037037037037,2020,516,"2020516"
"1298",88,135,24,10719,24,"9689",0.0416666666666667,2020,516,"2020516"
"1299",87,134,23,9738,23,"9689",0.0434782608695652,2020,516,"2020516"
"1300",85,132,21,10383,21,"9689",0.0476190476190476,2020,516,"2020516"
"1301",84,131,20,9739,20,"9689",0.05,2020,516,"2020516"
"1302",82,129,18,8825,18,"9689",0.0555555555555556,2020,516,"2020516"
"1303",81,128,17,8292,17,"9689",0.0588235294117647,2020,516,"2020516"
"1304",79,126,15,10173,15,"9689",0.0666666666666667,2020,516,"2020516"
"1305",78,125,10,10721,10,"9689",0.1,2020,516,"2020516"
"1306",95,142,26,7143,26,"9689",0.0384615384615385,2021,516,"2021516"
"1307",97,144,28,10459,28,"9689",0.0357142857142857,2021,516,"2021516"
"1308",Inf,Inf,Inf,8120,Inf,"7413",0,2021,516,"2021516"
"1309",Inf,Inf,Inf,10025,Inf,"7413",0,2021,516,"2021516"
"1310",100,147,35,9828,35,"9689",0.0285714285714286,2021,516,"2021516"
"1311",99,146,34,10919,34,"9689",0.0294117647058824,2021,516,"2021516"
"1312",97,144,32,7467,32,"9689",0.03125,2021,516,"2021516"
"1313",Inf,Inf,Inf,10449,Inf,"7413",0,2022,516,"2022516"
"1314",Inf,Inf,Inf,7832,Inf,"7413",0,2022,516,"2022516"
"1315",106,153,44,7219,44,"9689",0.0227272727272727,2022,516,"2022516"
"1316",102,149,40,9240,40,"9689",0.025,2022,516,"2022516"
"1317",100,147,38,8819,38,"9689",0.0263157894736842,2022,516,"2022516"
"1318",96,143,32,8894,32,"9689",0.03125,2022,516,"2022516"
"1319",99,146,34,10374,34,"9689",0.0294117647058824,2022,516,"2022516"
"1320",106,153,41,8603,41,"9689",0.024390243902439,2022,516,"2022516"
"1321",91,138,30,7957,30,"9689",0.0333333333333333,2023,516,"2023516"
"1322",89,136,28,8400,28,"9689",0.0357142857142857,2023,516,"2023516"
"1323",87,134,26,9840,26,"9689",0.0384615384615385,2023,516,"2023516"
"1324",84,131,23,9827,23,"9689",0.0434782608695652,2023,516,"2023516"
"1325",82,129,21,10650,21,"9689",0.0476190476190476,2023,516,"2023516"
"1326",79,126,16,9536,16,"9689",0.0625,2023,516,"2023516"
"1327",77,124,14,9185,14,"9689",0.0714285714285714,2023,516,"2023516"
"1328",79,126,15,7227,15,"9689",0.0666666666666667,2023,516,"2023516"
"1329",81,128,17,8823,17,"9689",0.0588235294117647,2023,516,"2023516"
"1330",83,130,19,10592,19,"9689",0.0526315789473684,2023,516,"2023516"
"1331",94,141,30,7539,30,"9689",0.0333333333333333,2023,516,"2023516"
"1332",75,122,21,9421,21,"9689",0.0476190476190476,2024,516,"2024516"
"1333",73,120,23,9538,23,"9689",0.0434782608695652,2024,516,"2024516"
"1334",72,119,24,10921,24,"9689",0.0416666666666667,2024,516,"2024516"
"1335",69,116,27,7765,27,"9689",0.037037037037037,2024,516,"2024516"
"1336",70,117,26,7468,26,"9689",0.0384615384615385,2024,516,"2024516"
"1337",68,115,28,10922,28,"9689",0.0357142857142857,2024,516,"2024516"
"1338",60,107,35,9427,35,"9689",0.0285714285714286,2024,516,"2024516"
"1339",63,110,33,9033,33,"9689",0.0303030303030303,2024,516,"2024516"
"1340",66,113,30,10594,30,"9689",0.0333333333333333,2024,516,"2024516"
"1341",62,109,26,10462,26,"9689",0.0384615384615385,2024,516,"2024516"
"1342",69,116,19,9314,19,"9689",0.0526315789473684,2024,516,"2024516"
"1343",73,120,15,7766,15,"9689",0.0666666666666667,2024,516,"2024516"
"1344",77,124,14,10307,14,"9689",0.0714285714285714,2024,516,"2024516"
"1345",66,113,15,9542,15,"9689",0.0666666666666667,2025,516,"2025516"
"1346",67,114,14,7548,14,"9689",0.0714285714285714,2025,516,"2025516"
"1347",70,117,11,7473,11,"9689",0.0909090909090909,2025,516,"2025516"
"1348",72,119,16,9539,16,"9689",0.0625,2025,516,"2025516"
"1349",71,118,17,10310,17,"9689",0.0588235294117647,2025,516,"2025516"
"1350",68,115,20,9249,20,"9689",0.05,2025,516,"2025516"
"1351",67,114,21,9315,21,"9689",0.0476190476190476,2025,516,"2025516"
"1352",69,116,19,9858,19,"9689",0.0526315789473684,2025,516,"2025516"
"1353",66,113,22,8407,22,"9689",0.0454545454545455,2025,516,"2025516"
"1354",62,109,26,8137,26,"9689",0.0384615384615385,2025,516,"2025516"
"1355",65,112,23,8900,23,"9689",0.0434782608695652,2025,516,"2025516"
"1356",61,108,27,10724,27,"9689",0.037037037037037,2025,516,"2025516"
"1357",60,107,28,7673,28,"9689",0.0357142857142857,2025,516,"2025516"
"1358",58,105,30,7396,30,"9689",0.0333333333333333,2025,516,"2025516"
"1359",55,102,33,9318,33,"9689",0.0303030303030303,2025,516,"2025516"
"1360",54,101,27,8979,27,"9689",0.037037037037037,2025,516,"2025516"
"1361",57,104,24,8275,24,"9689",0.0416666666666667,2025,516,"2025516"
"1362",59,106,22,9319,22,"9689",0.0454545454545455,2025,516,"2025516"
"1363",66,113,5,7243,5,"9689",0.2,2026,516,"2026516"
"1364",68,115,13,7674,13,"9689",0.0769230769230769,2026,516,"2026516"
"1365",66,113,15,10930,15,"9689",0.0666666666666667,2026,516,"2026516"
"1366",62,109,17,8056,17,"9689",0.0588235294117647,2027,516,"2027516"
"1367",62,109,17,9322,17,"9689",0.0588235294117647,2026,516,"2026516"
"1368",65,112,16,9620,16,"9689",0.0625,2026,516,"2026516"
"1369",64,111,17,7841,17,"9689",0.0588235294117647,2026,516,"2026516"
"1370",68,115,18,9624,18,"9689",0.0555555555555556,2027,516,"2027516"
"1371",69,116,17,9326,17,"9689",0.0588235294117647,2027,516,"2027516"
"1372",66,113,5,9442,5,"9689",0.2,2027,516,"2027516"
"1373",64,111,7,9254,7,"9689",0.142857142857143,2027,516,"2027516"
"1374",62,109,9,7678,9,"9689",0.111111111111111,2027,516,"2027516"
"1375",62,109,9,8760,9,"9689",0.111111111111111,2027,516,"2027516"
"1376",60,107,11,10934,11,"9689",0.0909090909090909,2027,516,"2027516"
"1377",60,107,15,9621,15,"9689",0.0666666666666667,2027,516,"2027516"
"1378",64,111,34,7570,34,"9689",0.0294117647058824,2029,516,"2029516"
"1379",63,110,39,10190,39,"9689",0.0256410256410256,2029,516,"2029516"
"1380",67,114,31,10867,31,"9689",0.032258064516129,2029,516,"2029516"
"1381",69,116,29,9883,29,"9689",0.0344827586206897,2029,516,"2029516"
"1382",73,120,25,10796,25,"9689",0.04,2029,516,"2029516"
"1383",71,118,27,7251,27,"9689",0.037037037037037,2029,516,"2029516"
"1384",74,121,24,10741,24,"9689",0.0416666666666667,2029,516,"2029516"
"1385",78,125,20,10538,20,"9689",0.05,2029,516,"2029516"
"1386",84,131,18,9257,18,"9689",0.0555555555555556,2029,516,"2029516"
"1387",85,132,19,7404,19,"9689",0.0526315789473684,2029,516,"2029516"
"1388",83,130,28,10540,28,"9689",0.0357142857142857,2029,516,"2029516"
"1389",75,122,36,9882,36,"9689",0.0277777777777778,2029,516,"2029516"
"1390",65,112,41,9133,41,"9689",0.024390243902439,2029,516,"2029516"
"1391",67,114,43,10264,43,"9689",0.0232558139534884,2030,516,"2030516"
"1392",66,113,42,8424,42,"9689",0.0238095238095238,2030,516,"2030516"
"1393",62,109,38,10480,38,"9689",0.0263157894736842,2030,516,"2030516"
"1394",70,117,46,8076,46,"9689",0.0217391304347826,2030,516,"2030516"
"1395",74,121,50,8559,50,"9689",0.02,2030,516,"2030516"
"1396",76,123,52,10882,52,"9689",0.0192307692307692,2030,516,"2030516"
"1397",27,74,59,8555,27,"7413",0.037037037037037,2034,516,"2034516"
"1398",26,73,60,7799,26,"7413",0.0384615384615385,2034,516,"2034516"
"1399",23,70,76,9472,23,"7413",0.0434782608695652,2034,516,"2034516"
"1400",19,66,67,8997,19,"7413",0.0526315789473684,2034,516,"2034516"
"1401",25,72,74,9977,25,"7413",0.04,2034,516,"2034516"
"1402",31,78,68,9642,31,"7413",0.032258064516129,2034,516,"2034516"
"1403",15,62,58,8770,15,"7413",0.0666666666666667,2035,516,"2035516"
"1404",19,66,54,8772,19,"7413",0.0526315789473684,2035,516,"2035516"
"1405",29,76,57,7342,29,"7413",0.0344827586206897,2035,516,"2035516"
"1406",29,76,53,9765,29,"7413",0.0344827586206897,2035,516,"2035516"
"1407",27,74,46,7568,27,"7413",0.037037037037037,2036,516,"2036516"
"1408",24,71,49,10610,24,"7413",0.0416666666666667,2036,516,"2036516"
"1409",23,70,50,10864,23,"7413",0.0434782608695652,2036,516,"2036516"
"1410",18,65,55,8993,18,"7413",0.0555555555555556,2036,516,"2036516"
"1411",11,58,62,7991,11,"7413",0.0909090909090909,2036,516,"2036516"
"1412",19,66,54,8418,19,"7413",0.0526315789473684,2036,516,"2036516"
"1413",21,68,52,8496,21,"7413",0.0476190476190476,2036,516,"2036516"
"1414",34,81,39,10862,34,"7413",0.0294117647058824,2037,516,"2037516"
"1415",23,70,50,8702,23,"7413",0.0434782608695652,2036,516,"2036516"
"1416",32,79,40,7250,32,"7413",0.03125,2037,516,"2037516"
"1417",28,75,44,10541,28,"7413",0.0357142857142857,2037,516,"2037516"
"1418",27,74,45,9556,27,"7413",0.037037037037037,2037,516,"2037516"
"1419",17,64,56,10250,17,"7413",0.0588235294117647,2037,516,"2037516"
"1420",19,66,54,9853,19,"7413",0.0526315789473684,2037,516,"2037516"
"1421",24,71,49,8914,24,"7413",0.0416666666666667,2037,516,"2037516"
"1422",26,73,47,9129,26,"7413",0.0384615384615385,2037,516,"2037516"
"1423",37,84,34,9328,34,"9689",0.0294117647058824,2038,516,"2038516"
"1424",33,80,38,8910,33,"7413",0.0303030303030303,2038,516,"2038516"
"1425",23,70,49,10110,23,"7413",0.0434782608695652,2038,516,"2038516"
"1426",31,78,41,10604,31,"7413",0.032258064516129,2038,516,"2038516"
"1427",42,89,30,9875,30,"9689",0.0333333333333333,2039,516,"2039516"
"1428",37,84,35,8542,35,"9689",0.0285714285714286,2039,516,"2039516"
"1429",29,76,42,8982,29,"7413",0.0344827586206897,2039,516,"2039516"
"1430",31,78,40,10729,31,"7413",0.032258064516129,2039,516,"2039516"
"1431",48,95,33,10471,33,"9689",0.0303030303030303,2040,516,"2040516"
"1432",45,92,36,10726,36,"9689",0.0277777777777778,2040,516,"2040516"
"1433",36,83,42,9861,36,"7413",0.0277777777777778,2040,516,"2040516"
"1434",36,83,36,9251,36,"7413",0.0277777777777778,2040,516,"2040516"
"1435",41,88,31,8310,31,"9689",0.032258064516129,2040,516,"2040516"
"1436",40,87,32,10105,32,"9689",0.03125,2040,516,"2040516"
"1437",43,90,29,7844,29,"9689",0.0344827586206897,2040,516,"2040516"
"1438",54,101,17,9325,17,"9689",0.0588235294117647,2041,516,"2041516"
"1439",62,109,17,9688,17,"9689",0.0588235294117647,2041,516,"2041516"
"1440",60,107,15,10474,15,"9689",0.0666666666666667,2041,516,"2041516"
"1441",59,106,22,9845,22,"9689",0.0454545454545455,2041,516,"2041516"
"1442",58,105,23,7842,23,"9689",0.0434782608695652,2041,516,"2041516"
"1443",57,104,24,9547,24,"9689",0.0416666666666667,2041,516,"2041516"
"1444",57,104,110,7354,57,"7413",0.0175438596491228,2042,516,"2042516"
"1445",60,107,37,9425,37,"9689",0.027027027027027,2045,516,"2045516"
"1446",58,105,39,7964,39,"9689",0.0256410256410256,2045,516,"2045516"
"1447",53,100,44,7390,44,"9689",0.0227272727272727,2045,516,"2045516"
"1448",56,103,41,10236,41,"9689",0.024390243902439,2045,516,"2045516"
"1449",49,96,47,7140,47,"9689",0.0212765957446809,2045,516,"2045516"
"1450",48,95,46,9737,46,"9689",0.0217391304347826,2045,516,"2045516"
"1451",51,98,37,10652,37,"9689",0.027027027027027,2045,516,"2045516"
"1452",51,98,37,10174,37,"9689",0.027027027027027,2045,516,"2045516"
"1453",53,100,35,9951,35,"9689",0.0285714285714286,2045,516,"2045516"
"1454",54,101,34,7900,34,"9689",0.0294117647058824,2046,516,"2046516"
"1455",53,100,35,7545,35,"9689",0.0285714285714286,2046,516,"2046516"
"1456",51,98,37,8041,37,"9689",0.027027027027027,2046,516,"2046516"
"1457",43,90,45,10384,43,"7413",0.0232558139534884,2046,516,"2046516"
"1458",43,90,38,10034,38,"9689",0.0263157894736842,2046,516,"2046516"
"1459",39,86,63,10130,39,"7413",0.0256410256410256,2047,516,"2047516"
"1460",33,80,66,9572,33,"7413",0.0303030303030303,2047,516,"2047516"
"1461",26,73,73,10806,26,"7413",0.0384615384615385,2047,516,"2047516"
"1462",24,71,77,7498,24,"7413",0.0416666666666667,2047,516,"2047516"
"1463",33,80,78,9983,33,"7413",0.0303030303030303,2047,516,"2047516"
"1464",29,76,82,10625,29,"7413",0.0344827586206897,2047,516,"2047516"
"1465",35,82,76,9208,35,"7413",0.0285714285714286,2047,516,"2047516"
"1466",37,84,74,9699,37,"7413",0.027027027027027,2047,516,"2047516"
"1467",40,87,64,10056,40,"7413",0.025,2047,516,"2047516"
"1468",41,88,70,10058,41,"7413",0.024390243902439,2048,516,"2048516"
"1469",37,84,74,9893,37,"7413",0.027027027027027,2048,516,"2048516"
"1470",31,78,80,7928,31,"7413",0.032258064516129,2048,516,"2048516"
"1471",33,80,78,7581,33,"7413",0.0303030303030303,2048,516,"2048516"
"1472",29,76,82,9483,29,"7413",0.0344827586206897,2048,516,"2048516"
"1473",37,84,87,8008,37,"7413",0.027027027027027,2048,516,"2048516"
"1474",41,88,83,7930,41,"7413",0.024390243902439,2048,516,"2048516"
"1475",39,86,85,9007,39,"7413",0.0256410256410256,2048,516,"2048516"
"1476",45,92,79,7584,45,"7413",0.0222222222222222,2048,516,"2048516"
"1477",46,93,78,7267,46,"7413",0.0217391304347826,2048,516,"2048516"
"1478",48,95,76,8225,48,"7413",0.0208333333333333,2048,516,"2048516"
"1479",46,93,78,8085,46,"7413",0.0217391304347826,2049,516,"2049516"
"1480",37,84,87,8714,37,"7413",0.027027027027027,2049,516,"2049516"
"1481",54,101,82,7810,54,"7413",0.0185185185185185,2049,516,"2049516"
"1482",56,103,80,9990,56,"7413",0.0178571428571429,2049,516,"2049516"
"1483",51,98,85,8437,51,"7413",0.0196078431372549,2050,516,"2050516"
"1484",56,103,93,9278,56,"7413",0.0178571428571429,2051,516,"2051516"
"1485",59,106,103,10491,59,"7413",0.0169491525423729,2051,516,"2051516"
"1486",64,111,98,10819,64,"7413",0.015625,2052,516,"2052516"
"1487",62,109,100,10135,62,"7413",0.0161290322580645,2052,516,"2052516"
